CN,PLT_CN,VVT_CN,INVYR,STATECD,COUNTYCD,PLOT,VEG_FLDSPCD,UNIQUE_SP_NBR,VEG_SPCD,SPECIMEN_COLLECTED,SPECIMEN_LABEL_NBR,SPECIMEN_NOT_COLLECTED_REASON,SPECIMEN_RESOLVED,CREATED_DATE,MODIFIED_DATE,UPDATED_UNKNOWN_SPECIES_DATE
250126875010854,249604485010854,250126677010854,2008,72,97,3,AMEL,1,AMEL,0,,,,2015-03-20 16:01:33,,
250126891010854,249604485010854,250126677010854,2008,72,97,3,BOSU2,1,BOSU2,0,,,,2015-03-20 16:01:33,,
250126868010854,249604485010854,250126677010854,2008,72,97,3,BUSI,1,BUSI,0,,,,2015-03-20 16:01:33,,
250126888010854,249604485010854,250126677010854,2008,72,97,3,CAFL2,1,CAFL2,0,,,,2015-03-20 16:01:33,,
250126874010854,249604485010854,250126677010854,2008,72,97,3,CARE8,1,CARE8,0,,,,2015-03-20 16:01:33,,
250126857010854,249604485010854,250126677010854,2008,72,97,3,CEVI2,1,CEVI2,0,,10,,2015-03-20 16:01:33,,
250126881010854,249604485010854,250126677010854,2008,72,97,3,CHLI5,1,CHLI5,0,,,,2015-03-20 16:01:33,,
250126873010854,249604485010854,250126677010854,2008,72,97,3,COERE,1,COERE,0,,10,,2015-03-20 16:01:33,,
250126866010854,249604485010854,250126677010854,2008,72,97,3,COMI,1,COMI,0,,,,2015-03-20 16:01:33,,
250126876010854,249604485010854,250126677010854,2008,72,97,3,CRBE8,1,CRBE8,0,,,,2015-03-20 16:01:33,,
250126885010854,249604485010854,250126677010854,2008,72,97,3,CRDI8,1,CRDI8,0,,,,2015-03-20 16:01:33,,
250126854010854,249604485010854,250126677010854,2008,72,97,3,CRLU2,1,CRLU2,0,,,,2015-03-20 16:01:33,,
250126889010854,249604485010854,250126677010854,2008,72,97,3,DOHA2,1,DOHA2,0,,,,2015-03-20 16:01:33,,
250126897010854,249604485010854,250126677010854,2008,72,97,3,EUFO3,1,EUFO3,0,,,,2015-03-20 16:01:33,,
250126872010854,249604485010854,250126677010854,2008,72,97,3,EUPE8,1,EUPE8,0,,,,2015-03-20 16:01:33,,
250126883010854,249604485010854,250126677010854,2008,72,97,3,GADU2,1,GADU2,0,,,,2015-03-20 16:01:33,,
250126896010854,249604485010854,250126677010854,2008,72,97,3,GUEL,1,GUEL,0,,,,2015-03-20 16:01:33,,
250126869010854,249604485010854,250126677010854,2008,72,97,3,IPMI,1,IPMI,0,,,,2015-03-20 16:01:33,,
250126878010854,249604485010854,250126677010854,2008,72,97,3,JAPE,1,JAPE,0,,,,2015-03-20 16:01:33,,
250126890010854,249604485010854,250126677010854,2008,72,97,3,LAIN2,1,LAIN2,0,,,,2015-03-20 16:01:33,,
250126893010854,249604485010854,250126677010854,2008,72,97,3,MYFR,1,MYFR,0,,,,2015-03-20 16:01:33,,
250126879010854,249604485010854,250126677010854,2008,72,97,3,OPMO2,1,COMO8,0,,,,2015-03-20 16:01:33,2019-07-18 15:19:51,
250126865010854,249604485010854,250126677010854,2008,72,97,3,OPRE2,1,OPRE2,0,,,,2015-03-20 16:01:33,,
250126882010854,249604485010854,250126677010854,2008,72,97,3,PABL,1,PABL,0,,,,2015-03-20 16:01:33,,
250126855010854,249604485010854,250126677010854,2008,72,97,3,PEHU3,1,PEHU3,0,,,,2015-03-20 16:01:33,,
250126884010854,249604485010854,250126677010854,2008,72,97,3,PIMA5,1,PIMA5,0,,,,2015-03-20 16:01:33,,
250126867010854,249604485010854,250126677010854,2008,72,97,3,PIRO6,1,PIRO6,0,,,,2015-03-20 16:01:33,,
250126871010854,249604485010854,250126677010854,2008,72,97,3,PLOB2,1,PLOB2,0,,,,2015-03-20 16:01:33,,
250126856010854,249604485010854,250126677010854,2008,72,97,3,PSMO3,1,PSMO3,0,,,,2015-03-20 16:01:33,,
250126870010854,249604485010854,250126677010854,2008,72,97,3,RAAC,1,RAAC,0,,,,2015-03-20 16:01:33,,
250126887010854,249604485010854,250126677010854,2008,72,97,3,RAVI,1,RAVI,0,,,,2015-03-20 16:01:33,,
250126877010854,249604485010854,250126677010854,2008,72,97,3,REUN,1,REUN,0,,,,2015-03-20 16:01:33,,
250126863010854,249604485010854,250126677010854,2008,72,97,3,RHRE3,1,RHRE3,0,,,,2015-03-20 16:01:33,,
250126892010854,249604485010854,250126677010854,2008,72,97,3,SCFR,1,SCFR,0,,,,2015-03-20 16:01:33,,
250126858010854,249604485010854,250126677010854,2008,72,97,3,SEUT2,1,SEUT2,0,,,,2015-03-20 16:01:33,,
250126894010854,249604485010854,250126677010854,2008,72,97,3,SIMU4,1,SIMU4,0,,,,2015-03-20 16:01:33,,
250126880010854,249604485010854,250126677010854,2008,72,97,3,STEM3,1,STEM3,0,,,,2015-03-20 16:01:33,,
250126886010854,249604485010854,250126677010854,2008,72,97,3,TAHE,1,TAHE,0,,,,2015-03-20 16:01:33,,
250126864010854,249604485010854,250126677010854,2008,72,97,3,TIRE,1,TIRE,0,,,,2015-03-20 16:01:33,,
250126862010854,249604485010854,250126677010854,2008,72,97,3,TIUT,1,TIUT,0,,,,2015-03-20 16:01:33,,
250126895010854,249604485010854,250126677010854,2008,72,97,3,TOVO,1,TOVO,0,,,,2015-03-20 16:01:33,,
250127100010854,249604494010854,250126684010854,2008,72,97,20,2PLANT,1,2PLANT,0,,10,,2015-03-20 16:01:34,,
250127106010854,249604494010854,250126684010854,2008,72,97,20,ANAC4,1,ANAC4,0,,,,2015-03-20 16:01:34,,
250127098010854,249604494010854,250126684010854,2008,72,97,20,BOSU2,1,BOSU2,0,,,,2015-03-20 16:01:34,,
250127085010854,249604494010854,250126684010854,2008,72,97,20,BUSI,1,BUSI,0,,,,2015-03-20 16:01:34,,
250127107010854,249604494010854,250126684010854,2008,72,97,20,CAPA8,1,CAPA8,0,,,,2015-03-20 16:01:34,,
250127105010854,249604494010854,250126684010854,2008,72,97,20,CEVI2,1,CEVI2,0,,10,,2015-03-20 16:01:34,,
250127074010854,249604494010854,250126684010854,2008,72,97,20,CHNI2,1,CHNI2,0,,10,,2015-03-20 16:01:34,,
250127101010854,249604494010854,250126684010854,2008,72,97,20,CODO,1,CODO,0,,,,2015-03-20 16:01:34,,
250127078010854,249604494010854,250126684010854,2008,72,97,20,COMI,1,COMI,0,,,,2015-03-20 16:01:34,,
250127077010854,249604494010854,250126684010854,2008,72,97,20,CRBE4,1,CRBE4,0,,,,2015-03-20 16:01:34,,
250127076010854,249604494010854,250126684010854,2008,72,97,20,CRDI8,1,CRDI8,0,,,,2015-03-20 16:01:34,,
250127075010854,249604494010854,250126684010854,2008,72,97,20,CRLU2,1,CRLU2,0,,,,2015-03-20 16:01:34,,
250127099010854,249604494010854,250126684010854,2008,72,97,20,DOHA2,1,DOHA2,0,,,,2015-03-20 16:01:34,,
250127096010854,249604494010854,250126684010854,2008,72,97,20,EUFO3,1,EUFO3,0,,,,2015-03-20 16:01:34,,
250127081010854,249604494010854,250126684010854,2008,72,97,20,EUPE8,1,EUPE8,0,,,,2015-03-20 16:01:34,,
250127087010854,249604494010854,250126684010854,2008,72,97,20,EXCA,1,EXCA,0,,,,2015-03-20 16:01:34,,
250127084010854,249604494010854,250126684010854,2008,72,97,20,GADU2,1,GADU2,0,,,,2015-03-20 16:01:34,,
250127086010854,249604494010854,250126684010854,2008,72,97,20,GUEL,1,GUEL,0,,,,2015-03-20 16:01:34,,
250127095010854,249604494010854,250126684010854,2008,72,97,20,MYFR,1,MYFR,0,,,,2015-03-20 16:01:34,,
250127094010854,249604494010854,250126684010854,2008,72,97,20,OPMO2,1,COMO8,0,,,,2015-03-20 16:01:34,2019-07-18 15:19:51,
250127103010854,249604494010854,250126684010854,2008,72,97,20,OPRE2,1,OPRE2,0,,,,2015-03-20 16:01:34,,
250127102010854,249604494010854,250126684010854,2008,72,97,20,PACA12,1,PACA12,0,,,,2015-03-20 16:01:34,,
250127093010854,249604494010854,250126684010854,2008,72,97,20,PALA12,1,PALA12,0,,,,2015-03-20 16:01:34,,
250127079010854,249604494010854,250126684010854,2008,72,97,20,PHEP,1,PHEP,0,,,,2015-03-20 16:01:34,,
250127091010854,249604494010854,250126684010854,2008,72,97,20,PIRO6,1,PIRO6,0,,,,2015-03-20 16:01:34,,
250127080010854,249604494010854,250126684010854,2008,72,97,20,PLOB2,1,PLOB2,0,,,,2015-03-20 16:01:34,,
250127089010854,249604494010854,250126684010854,2008,72,97,20,PSMO3,1,PSMO3,0,,,,2015-03-20 16:01:34,,
250127092010854,249604494010854,250126684010854,2008,72,97,20,REUN,1,REUN,0,,,,2015-03-20 16:01:34,,
250127083010854,249604494010854,250126684010854,2008,72,97,20,SEUT2,1,SEUT2,0,,,,2015-03-20 16:01:34,,
250127082010854,249604494010854,250126684010854,2008,72,97,20,TIRE,1,TIRE,0,,,,2015-03-20 16:01:34,,
250127104010854,249604494010854,250126684010854,2008,72,97,20,SIMU4,1,SIMU4,0,,,,2015-03-20 16:01:34,,
250127088010854,249604494010854,250126684010854,2008,72,97,20,STEM3,1,STEM3,0,,,,2015-03-20 16:01:34,,
250127097010854,249604494010854,250126684010854,2008,72,97,20,TAHE,1,TAHE,0,,,,2015-03-20 16:01:34,,
250127090010854,249604494010854,250126684010854,2008,72,97,20,TIUT,1,TIUT,0,,,,2015-03-20 16:01:34,,
250126937010854,249604488010854,250126679010854,2008,72,97,27,BUSI,1,BUSI,0,,,,2015-03-20 16:01:33,,
250126919010854,249604488010854,250126679010854,2008,72,97,27,2GRAM,1,2GRAM,0,,2,,2015-03-20 16:01:33,,
250126939010854,249604488010854,250126679010854,2008,72,97,27,2VH,1,2VH,0,,2,,2015-03-20 16:01:33,,
250126924010854,249604488010854,250126679010854,2008,72,97,27,ANAC4,1,ANAC4,0,,,,2015-03-20 16:01:33,,
250126930010854,249604488010854,250126679010854,2008,72,97,27,CRDI8,1,CRDI8,0,,,,2015-03-20 16:01:33,,
250126920010854,249604488010854,250126679010854,2008,72,97,27,CHNI2,1,CHNI2,0,,6,,2015-03-20 16:01:33,,
250126940010854,249604488010854,250126679010854,2008,72,97,27,CODO,1,CODO,0,,,,2015-03-20 16:01:33,,
250126963010854,249604488010854,250126679010854,2008,72,97,27,COMI,1,COMI,0,,,,2015-03-20 16:01:33,,
250126962010854,249604488010854,250126679010854,2008,72,97,27,CRLU2,1,CRLU2,0,,,,2015-03-20 16:01:33,,
250126931010854,249604488010854,250126679010854,2008,72,97,27,CRRH,1,CRRH,0,,,,2015-03-20 16:01:33,,
250126933010854,249604488010854,250126679010854,2008,72,97,27,EUFO3,1,EUFO3,0,,,,2015-03-20 16:01:33,,
250126938010854,249604488010854,250126679010854,2008,72,97,27,EUPE8,1,EUPE8,0,,,,2015-03-20 16:01:33,,
250126932010854,249604488010854,250126679010854,2008,72,97,27,EXCA,1,EXCA,0,,,,2015-03-20 16:01:33,,
250126921010854,249604488010854,250126679010854,2008,72,97,27,IPBA2,1,IPBA2,0,,,,2015-03-20 16:01:33,,
250126925010854,249604488010854,250126679010854,2008,72,97,27,METO3,1,METO3,0,,,,2015-03-20 16:01:33,,
250126929010854,249604488010854,250126679010854,2008,72,97,27,MYFR,1,MYFR,0,,,,2015-03-20 16:01:33,,
250126936010854,249604488010854,250126679010854,2008,72,97,27,OPMO2,1,COMO8,0,,,,2015-03-20 16:01:33,2019-07-18 15:19:51,
250126935010854,249604488010854,250126679010854,2008,72,97,27,OPRE2,1,OPRE2,0,,,,2015-03-20 16:01:33,,
250126917010854,249604488010854,250126679010854,2008,72,97,27,PHEP,1,PHEP,0,,,,2015-03-20 16:01:33,,
250126934010854,249604488010854,250126679010854,2008,72,97,27,PIAL3,1,PIAL3,0,,,,2015-03-20 16:01:33,,
250126922010854,249604488010854,250126679010854,2008,72,97,27,PLOB2,1,PLOB2,0,,,,2015-03-20 16:01:33,,
250126926010854,249604488010854,250126679010854,2008,72,97,27,PSMO3,1,PSMO3,0,,,,2015-03-20 16:01:33,,
250126927010854,249604488010854,250126679010854,2008,72,97,27,REUN,1,REUN,0,,,,2015-03-20 16:01:33,,
250126918010854,249604488010854,250126679010854,2008,72,97,27,SEUT2,1,SEUT2,0,,,,2015-03-20 16:01:33,,
250126923010854,249604488010854,250126679010854,2008,72,97,27,TAHE,1,TAHE,0,,,,2015-03-20 16:01:33,,
250126916010854,249604488010854,250126679010854,2008,72,97,27,TIRE,1,TIRE,0,,,,2015-03-20 16:01:33,,
250126928010854,249604488010854,250126679010854,2008,72,97,27,TIUT,1,TIUT,0,,,,2015-03-20 16:01:33,,
250127407010854,249604510010854,250126698010854,2008,72,97,41,CENTR2,1,CENTR2,0,,2,,2015-03-20 16:01:35,,
250127484010854,249604510010854,250126698010854,2008,72,97,41,2PLANT,1,2PLANT,0,,2,,2015-03-20 16:01:35,,
250127498010854,249604510010854,250126698010854,2008,72,97,41,2PLANT,2,2PLANT,0,,2,,2015-03-20 16:01:35,,
250127489010854,249604510010854,250126698010854,2008,72,97,41,ANAC4,1,ANAC4,0,,,,2015-03-20 16:01:35,,
250127487010854,249604510010854,250126698010854,2008,72,97,41,CHNI2,1,CHNI2,0,,10,,2015-03-20 16:01:35,,
250127491010854,249604510010854,250126698010854,2008,72,97,41,CITR2,1,CITR2,0,,,,2015-03-20 16:01:35,,
250127480010854,249604510010854,250126698010854,2008,72,97,41,COERE,1,COERE,0,,2,,2015-03-20 16:01:35,,
250127486010854,249604510010854,250126698010854,2008,72,97,41,COGL6,1,COGL6,0,,,,2015-03-20 16:01:35,,
250127496010854,249604510010854,250126698010854,2008,72,97,41,COHI3,1,COHI3,0,,,,2015-03-20 16:01:35,,
250127405010854,249604510010854,250126698010854,2008,72,97,41,CRBE4,1,CRBE4,0,,,,2015-03-20 16:01:35,,
250127406010854,249604510010854,250126698010854,2008,72,97,41,CRDI8,1,CRDI8,0,,,,2015-03-20 16:01:35,,
250127481010854,249604510010854,250126698010854,2008,72,97,41,CUSCU,1,CUSCU,0,,2,,2015-03-20 16:01:35,,
250127483010854,249604510010854,250126698010854,2008,72,97,41,CUUM,1,CUUM,0,,,,2015-03-20 16:01:35,,
250127492010854,249604510010854,250126698010854,2008,72,97,41,GADU2,1,GADU2,0,,,,2015-03-20 16:01:35,,
250127403010854,249604510010854,250126698010854,2008,72,97,41,HAPO2,1,HAPO2,0,,,,2015-03-20 16:01:35,,
250127488010854,249604510010854,250126698010854,2008,72,97,41,LAIN2,1,LAIN2,0,,,,2015-03-20 16:01:35,,
250127485010854,249604510010854,250126698010854,2008,72,97,41,MANI3,1,MANI3,0,,,,2015-03-20 16:01:35,,
250127494010854,249604510010854,250126698010854,2008,72,97,41,MEIN7,1,MEIN7,0,,,,2015-03-20 16:01:35,,
250127490010854,249604510010854,250126698010854,2008,72,97,41,OPMO2,1,COMO8,0,,,,2015-03-20 16:01:35,2019-07-18 15:19:51,
250127409010854,249604510010854,250126698010854,2008,72,97,41,OPRE2,1,OPRE2,0,,,,2015-03-20 16:01:35,,
250127408010854,249604510010854,250126698010854,2008,72,97,41,PASU3,1,PASU3,0,,,,2015-03-20 16:01:35,,
250127497010854,249604510010854,250126698010854,2008,72,97,41,PITE4,1,PITE4,0,,,,2015-03-20 16:01:35,,
250127404010854,249604510010854,250126698010854,2008,72,97,41,PLOB2,1,PLOB2,0,,,,2015-03-20 16:01:35,,
250127493010854,249604510010854,250126698010854,2008,72,97,41,RAAC,1,RAAC,0,,,,2015-03-20 16:01:35,,
250127495010854,249604510010854,250126698010854,2008,72,97,41,REUN,1,REUN,0,,,,2015-03-20 16:01:35,,
250127479010854,249604510010854,250126698010854,2008,72,97,41,STEM3,1,STEM3,0,,,,2015-03-20 16:01:35,,
250127482010854,249604510010854,250126698010854,2008,72,97,41,TIRE,1,TIRE,0,,,,2015-03-20 16:01:35,,
250127113010854,249604495010854,250126685010854,2008,72,97,52,AMEL,1,AMEL,0,,,,2015-03-20 16:01:34,,
250127109010854,249604495010854,250126685010854,2008,72,97,52,ANAC4,1,ANAC4,0,,,,2015-03-20 16:01:34,,
250127140010854,249604495010854,250126685010854,2008,72,97,52,BOSU2,1,BOSU2,0,,,,2015-03-20 16:01:34,,
250127112010854,249604495010854,250126685010854,2008,72,97,52,BUSI,1,BUSI,0,,,,2015-03-20 16:01:34,,
250127121010854,249604495010854,250126685010854,2008,72,97,52,CEVI2,1,CEVI2,0,,10,,2015-03-20 16:01:34,,
250127120010854,249604495010854,250126685010854,2008,72,97,52,CHLI5,1,CHLI5,0,,,,2015-03-20 16:01:34,,
250127143010854,249604495010854,250126685010854,2008,72,97,52,CODI5,1,CODI5,0,,10,,2015-03-20 16:01:34,,
250127111010854,249604495010854,250126685010854,2008,72,97,52,CODO,1,CODO,0,,,,2015-03-20 16:01:34,,
250127122010854,249604495010854,250126685010854,2008,72,97,52,COHI3,1,COHI3,0,,,,2015-03-20 16:01:34,,
250127114010854,249604495010854,250126685010854,2008,72,97,52,COMI,1,COMI,0,,,,2015-03-20 16:01:34,,
250127131010854,249604495010854,250126685010854,2008,72,97,52,CRBE4,1,CRBE4,0,,,,2015-03-20 16:01:34,,
250127117010854,249604495010854,250126685010854,2008,72,97,52,CRDI8,1,CRDI8,0,,,,2015-03-20 16:01:34,,
250127108010854,249604495010854,250126685010854,2008,72,97,52,CRLU2,1,CRLU2,0,,,,2015-03-20 16:01:34,,
250127137010854,249604495010854,250126685010854,2008,72,97,52,CRRH,1,CRRH,0,,,,2015-03-20 16:01:34,,
250127125010854,249604495010854,250126685010854,2008,72,97,52,DOHA2,1,DOHA2,0,,,,2015-03-20 16:01:34,,
250127123010854,249604495010854,250126685010854,2008,72,97,52,EUMO,1,EUMO,0,,,,2015-03-20 16:01:34,,
250127134010854,249604495010854,250126685010854,2008,72,97,52,EUPE8,1,EUPE8,0,,,,2015-03-20 16:01:34,,
250127127010854,249604495010854,250126685010854,2008,72,97,52,FICI,1,FICI,0,,,,2015-03-20 16:01:34,,
250127142010854,249604495010854,250126685010854,2008,72,97,52,GUPU,1,GUPU,0,,,,2015-03-20 16:01:34,,
250127119010854,249604495010854,250126685010854,2008,72,97,52,HAPO2,1,HAPO2,0,,,,2015-03-20 16:01:34,,
250127128010854,249604495010854,250126685010854,2008,72,97,52,JAPE,1,JAPE,0,,,,2015-03-20 16:01:34,,
250127133010854,249604495010854,250126685010854,2008,72,97,52,MYFR,1,MYFR,0,,,,2015-03-20 16:01:34,,
250127115010854,249604495010854,250126685010854,2008,72,97,52,OPRE2,1,OPRE2,0,,,,2015-03-20 16:01:34,,
250127141010854,249604495010854,250126685010854,2008,72,97,52,PEHU3,1,PEHU3,0,,,,2015-03-20 16:01:34,,
250127136010854,249604495010854,250126685010854,2008,72,97,52,PIRO6,1,PIRO6,0,,,,2015-03-20 16:01:34,,
250127129010854,249604495010854,250126685010854,2008,72,97,52,PLOB2,1,PLOB2,0,,,,2015-03-20 16:01:34,,
250127138010854,249604495010854,250126685010854,2008,72,97,52,PRAG,1,PRAG,0,,,,2015-03-20 16:01:34,,
250127130010854,249604495010854,250126685010854,2008,72,97,52,RHMI4,1,RHMI4,0,,,,2015-03-20 16:01:34,,
250127139010854,249604495010854,250126685010854,2008,72,97,52,PSMO3,1,PSMO3,0,,,,2015-03-20 16:01:34,,
250127135010854,249604495010854,250126685010854,2008,72,97,52,RAAC,1,RAAC,0,,,,2015-03-20 16:01:34,,
250127124010854,249604495010854,250126685010854,2008,72,97,52,REUN,1,REUN,0,,,,2015-03-20 16:01:34,,
250127116010854,249604495010854,250126685010854,2008,72,97,52,SEUT2,1,SEUT2,0,,,,2015-03-20 16:01:34,,
250127132010854,249604495010854,250126685010854,2008,72,97,52,TIUT,1,TIUT,0,,,,2015-03-20 16:01:34,,
250127126010854,249604495010854,250126685010854,2008,72,97,52,STEM3,1,STEM3,0,,,,2015-03-20 16:01:34,,
250127118010854,249604495010854,250126685010854,2008,72,97,52,TAHE,1,TAHE,0,,,,2015-03-20 16:01:34,,
250127110010854,249604495010854,250126685010854,2008,72,97,52,TIRE,1,TIRE,0,,,,2015-03-20 16:01:34,,
250127545010854,249604512010854,250126700010854,2008,72,97,54,CEVI2,1,CEVI2,0,,2,,2015-03-20 16:01:35,,
250127532010854,249604512010854,250126700010854,2008,72,97,54,ANAC4,1,ANAC4,0,,,,2015-03-20 16:01:35,,
250127555010854,249604512010854,250126700010854,2008,72,97,54,BOSU2,1,BOSU2,0,,,,2015-03-20 16:01:35,,
250127553010854,249604512010854,250126700010854,2008,72,97,54,BUSI,1,BUSI,0,,,,2015-03-20 16:01:35,,
250127533010854,249604512010854,250126700010854,2008,72,97,54,CHNI2,1,CHNI2,0,,2,,2015-03-20 16:01:35,,
250127544010854,249604512010854,250126700010854,2008,72,97,54,CODO,1,CODO,0,,,,2015-03-20 16:01:35,,
250127537010854,249604512010854,250126700010854,2008,72,97,54,COHI3,1,COHI3,0,,,,2015-03-20 16:01:35,,
250127540010854,249604512010854,250126700010854,2008,72,97,54,COMI,1,COMI,0,,,,2015-03-20 16:01:35,,
250127536010854,249604512010854,250126700010854,2008,72,97,54,CRBE4,1,CRBE4,0,,,,2015-03-20 16:01:35,,
250127534010854,249604512010854,250126700010854,2008,72,97,54,CRDI8,1,CRDI8,0,,,,2015-03-20 16:01:35,,
250127535010854,249604512010854,250126700010854,2008,72,97,54,CRLU2,1,CRLU2,0,,,,2015-03-20 16:01:35,,
250127550010854,249604512010854,250126700010854,2008,72,97,54,EUPE8,1,EUPE8,0,,,,2015-03-20 16:01:35,,
250127549010854,249604512010854,250126700010854,2008,72,97,54,GADU2,1,GADU2,0,,,,2015-03-20 16:01:35,,
250127552010854,249604512010854,250126700010854,2008,72,97,54,OPMO2,1,COMO8,0,,,,2015-03-20 16:01:35,2019-07-18 15:19:51,
250127548010854,249604512010854,250126700010854,2008,72,97,54,OPRE2,1,OPRE2,0,,,,2015-03-20 16:01:35,,
250127541010854,249604512010854,250126700010854,2008,72,97,54,PALA12,1,PALA12,0,,,,2015-03-20 16:01:35,,
250127539010854,249604512010854,250126700010854,2008,72,97,54,PIAL3,1,PIAL3,0,,,,2015-03-20 16:01:35,,
250127546010854,249604512010854,250126700010854,2008,72,97,54,PLOB2,1,PLOB2,0,,,,2015-03-20 16:01:35,,
250127551010854,249604512010854,250126700010854,2008,72,97,54,PSMO3,1,PSMO3,0,,,,2015-03-20 16:01:35,,
250127538010854,249604512010854,250126700010854,2008,72,97,54,REUN,1,REUN,0,,,,2015-03-20 16:01:35,,
250127542010854,249604512010854,250126700010854,2008,72,97,54,SEUT2,1,SEUT2,0,,,,2015-03-20 16:01:35,,
250127554010854,249604512010854,250126700010854,2008,72,97,54,SPCO7,1,SPCO7,0,,,,2015-03-20 16:01:35,,
250127547010854,249604512010854,250126700010854,2008,72,97,54,TAHE,1,TAHE,0,,,,2015-03-20 16:01:35,,
250127543010854,249604512010854,250126700010854,2008,72,97,54,TIRE,1,TIRE,0,,,,2015-03-20 16:01:35,,
250127012010854,249604490010854,250126681010854,2008,72,97,61,BUSI,1,BUSI,0,,,,2015-03-20 16:01:33,,
250127010010854,249604490010854,250126681010854,2008,72,97,61,BYLU,1,BYLU,0,,,,2015-03-20 16:01:33,,
250127001010854,249604490010854,250126681010854,2008,72,97,61,CAWI,1,CAWI,0,,,,2015-03-20 16:01:33,,
250126988010854,249604490010854,250126681010854,2008,72,97,61,CODI8,1,CODI8,0,,,,2015-03-20 16:01:33,,
250126994010854,249604490010854,250126681010854,2008,72,97,61,COHI3,1,COHI3,0,,,,2015-03-20 16:01:33,,
250127007010854,249604490010854,250126681010854,2008,72,97,61,COMI,1,COMI,0,,,,2015-03-20 16:01:33,,
250127006010854,249604490010854,250126681010854,2008,72,97,61,CRBE4,1,CRBE4,0,,,,2015-03-20 16:01:33,,
250126989010854,249604490010854,250126681010854,2008,72,97,61,CRLU2,1,CRLU2,0,,,,2015-03-20 16:01:33,,
250126997010854,249604490010854,250126681010854,2008,72,97,61,CRRH,1,CRRH,0,,,,2015-03-20 16:01:33,,
250126993010854,249604490010854,250126681010854,2008,72,97,61,DOVI,1,DOVI,0,,,,2015-03-20 16:01:33,,
250127004010854,249604490010854,250126681010854,2008,72,97,61,ERLI5,1,ERLI5,0,,,,2015-03-20 16:01:33,,
250126999010854,249604490010854,250126681010854,2008,72,97,61,GADU2,1,GADU2,0,,,,2015-03-20 16:01:33,,
250127013010854,249604490010854,250126681010854,2008,72,97,61,GYLA,1,GYLA,0,,,,2015-03-20 16:01:33,,
250126996010854,249604490010854,250126681010854,2008,72,97,61,GYLU,1,GYLU,0,,,,2015-03-20 16:01:33,,
250127009010854,249604490010854,250126681010854,2008,72,97,61,JAAR2,1,JAAR2,0,,,,2015-03-20 16:01:33,,
250127008010854,249604490010854,250126681010854,2008,72,97,61,JACQU,1,JACQU,0,,2,,2015-03-20 16:01:33,,
250127002010854,249604490010854,250126681010854,2008,72,97,61,KRFE,1,KRFE,0,,,,2015-03-20 16:01:34,,
250127000010854,249604490010854,250126681010854,2008,72,97,61,PSMO3,1,PSMO3,0,,,,2015-03-20 16:01:34,,
250126987010854,249604490010854,250126681010854,2008,72,97,61,METO3,1,METO3,0,,,,2015-03-20 16:01:34,,
250127005010854,249604490010854,250126681010854,2008,72,97,61,MYFR,1,MYFR,0,,,,2015-03-20 16:01:34,,
250126991010854,249604490010854,250126681010854,2008,72,97,61,PHEP,1,PHEP,0,,,,2015-03-20 16:01:34,,
250126995010854,249604490010854,250126681010854,2008,72,97,61,RAAC,1,RAAC,0,,,,2015-03-20 16:01:34,,
250127011010854,249604490010854,250126681010854,2008,72,97,61,REUN,1,REUN,0,,,,2015-03-20 16:01:34,,
250127003010854,249604490010854,250126681010854,2008,72,97,61,TAHE,1,TAHE,0,,,,2015-03-20 16:01:34,,
250126990010854,249604490010854,250126681010854,2008,72,97,61,THMO4,1,LEMO5,0,,,,2015-03-20 16:01:34,2019-07-18 15:19:51,
250126998010854,249604490010854,250126681010854,2008,72,97,61,TIRE,1,TIRE,0,,,,2015-03-20 16:01:34,,
250126992010854,249604490010854,250126681010854,2008,72,97,61,TIUT,1,TIUT,0,,,,2015-03-20 16:01:34,,
250127371010854,249604504010854,250126693010854,2008,72,97,62,CEVI2,1,CEVI2,0,,6,,2015-03-20 16:01:34,,
250127374010854,249604504010854,250126693010854,2008,72,97,62,ANAC4,1,ANAC4,0,,,,2015-03-20 16:01:34,,
250127354010854,249604504010854,250126693010854,2008,72,97,62,BOSU2,1,BOSU2,0,,,,2015-03-20 16:01:34,,
250127367010854,249604504010854,250126693010854,2008,72,97,62,BUSI,1,BUSI,0,,,,2015-03-20 16:01:34,,
250127357010854,249604504010854,250126693010854,2008,72,97,62,CHNI2,1,CHNI2,0,,6,,2015-03-20 16:01:34,,
250127373010854,249604504010854,250126693010854,2008,72,97,62,CODO,1,CODO,0,,,,2015-03-20 16:01:34,,
250127359010854,249604504010854,250126693010854,2008,72,97,62,COMI,1,COMI,0,,,,2015-03-20 16:01:34,,
250127369010854,249604504010854,250126693010854,2008,72,97,62,CRBE4,1,CRBE4,0,,,,2015-03-20 16:01:34,,
250127360010854,249604504010854,250126693010854,2008,72,97,62,CRDI8,1,CRDI8,0,,,,2015-03-20 16:01:34,,
250127361010854,249604504010854,250126693010854,2008,72,97,62,CRLU2,1,CRLU2,0,,,,2015-03-20 16:01:34,,
250127376010854,249604504010854,250126693010854,2008,72,97,62,EUPE8,1,EUPE8,0,,,,2015-03-20 16:01:34,,
250127372010854,249604504010854,250126693010854,2008,72,97,62,GADU2,1,GADU2,0,,,,2015-03-20 16:01:34,,
250127356010854,249604504010854,250126693010854,2008,72,97,62,GUEL,1,GUEL,0,,,,2015-03-20 16:01:34,,
250127368010854,249604504010854,250126693010854,2008,72,97,62,OPMO2,1,COMO8,0,,,,2015-03-20 16:01:34,2019-07-18 15:19:51,
250127355010854,249604504010854,250126693010854,2008,72,97,62,PHEP,1,PHEP,0,,,,2015-03-20 16:01:34,,
250127370010854,249604504010854,250126693010854,2008,72,97,62,PLOB2,1,PLOB2,0,,,,2015-03-20 16:01:34,,
250127375010854,249604504010854,250126693010854,2008,72,97,62,PRAG,1,PRAG,0,,,,2015-03-20 16:01:34,,
250127363010854,249604504010854,250126693010854,2008,72,97,62,PSMO3,1,PSMO3,0,,,,2015-03-20 16:01:34,,
250127377010854,249604504010854,250126693010854,2008,72,97,62,RAAC,1,RAAC,0,,,,2015-03-20 16:01:34,,
250127358010854,249604504010854,250126693010854,2008,72,97,62,REUN,1,REUN,0,,,,2015-03-20 16:01:34,,
250127362010854,249604504010854,250126693010854,2008,72,97,62,SEUT2,1,SEUT2,0,,,,2015-03-20 16:01:34,,
250127366010854,249604504010854,250126693010854,2008,72,97,62,TIUT,1,TIUT,0,,,,2015-03-20 16:01:34,,
250127364010854,249604504010854,250126693010854,2008,72,97,62,STEM3,1,STEM3,0,,,,2015-03-20 16:01:34,,
250127353010854,249604504010854,250126693010854,2008,72,97,62,TAHE,1,TAHE,0,,,,2015-03-20 16:01:34,,
250127365010854,249604504010854,250126693010854,2008,72,97,62,TIRE,1,TIRE,0,,,,2015-03-20 16:01:34,,
250127518010854,249604511010854,250126699010854,2008,72,97,66,2GRAM,1,2GRAM,0,,2,,2015-03-20 16:01:35,,
250127505010854,249604511010854,250126699010854,2008,72,97,66,ANAC4,1,ANAC4,0,,,,2015-03-20 16:01:35,,
250127531010854,249604511010854,250126699010854,2008,72,97,66,BABI5,1,BABI5,0,,,,2015-03-20 16:01:35,,
250127506010854,249604511010854,250126699010854,2008,72,97,66,BUSI,1,BUSI,0,,,,2015-03-20 16:01:35,,
250127499010854,249604511010854,250126699010854,2008,72,97,66,CARE8,1,CARE8,0,,,,2015-03-20 16:01:35,,
250127526010854,249604511010854,250126699010854,2008,72,97,66,CEHI3,1,CEHI3,0,,,,2015-03-20 16:01:35,,
250127521010854,249604511010854,250126699010854,2008,72,97,66,CEVI2,1,CEVI2,0,,2,,2015-03-20 16:01:35,,
250127516010854,249604511010854,250126699010854,2008,72,97,66,CODI5,1,CODI5,0,,2,,2015-03-20 16:01:35,,
250127510010854,249604511010854,250126699010854,2008,72,97,66,COGL6,1,COGL6,0,,,,2015-03-20 16:01:35,,
250127501010854,249604511010854,250126699010854,2008,72,97,66,COHI3,1,COHI3,0,,,,2015-03-20 16:01:35,,
250127500010854,249604511010854,250126699010854,2008,72,97,66,CRBE4,1,CRBE4,0,,,,2015-03-20 16:01:35,,
250127511010854,249604511010854,250126699010854,2008,72,97,66,CRDI8,1,CRDI8,0,,,,2015-03-20 16:01:35,,
250127515010854,249604511010854,250126699010854,2008,72,97,66,EUPE8,1,EUPE8,0,,,,2015-03-20 16:01:35,,
250127512010854,249604511010854,250126699010854,2008,72,97,66,FICI,1,FICI,0,,,,2015-03-20 16:01:35,,
250127520010854,249604511010854,250126699010854,2008,72,97,66,HAPO2,1,HAPO2,0,,,,2015-03-20 16:01:35,,
250127517010854,249604511010854,250126699010854,2008,72,97,66,HEJA,1,HEJA,0,,,,2015-03-20 16:01:35,,
250127530010854,249604511010854,250126699010854,2008,72,97,66,MAAM,1,MAAM,0,,,,2015-03-20 16:01:35,,
250127519010854,249604511010854,250126699010854,2008,72,97,66,MEIN7,1,MEIN7,0,,,,2015-03-20 16:01:35,,
250127502010854,249604511010854,250126699010854,2008,72,97,66,OPMO2,1,COMO8,0,,,,2015-03-20 16:01:35,2019-07-18 15:19:51,
250127508010854,249604511010854,250126699010854,2008,72,97,66,OPRE2,1,OPRE2,0,,,,2015-03-20 16:01:35,,
250127523010854,249604511010854,250126699010854,2008,72,97,66,PALA12,1,PALA12,0,,,,2015-03-20 16:01:35,,
250127503010854,249604511010854,250126699010854,2008,72,97,66,PANIC,1,PANIC,0,,2,,2015-03-20 16:01:35,,
250127507010854,249604511010854,250126699010854,2008,72,97,66,PELU3,1,PELU3,0,,,,2015-03-20 16:01:35,,
250127528010854,249604511010854,250126699010854,2008,72,97,66,PLOB2,1,PLOB2,0,,,,2015-03-20 16:01:35,,
250127504010854,249604511010854,250126699010854,2008,72,97,66,POCA22,1,POCA22,0,,,,2015-03-20 16:01:35,,
250127525010854,249604511010854,250126699010854,2008,72,97,66,PSNE,1,PSNE,0,,,,2015-03-20 16:01:35,,
250127509010854,249604511010854,250126699010854,2008,72,97,66,REUN,1,REUN,0,,,,2015-03-20 16:01:35,,
250127513010854,249604511010854,250126699010854,2008,72,97,66,RHRE3,1,RHRE3,0,,,,2015-03-20 16:01:35,,
250127529010854,249604511010854,250126699010854,2008,72,97,66,SCFR,1,SCFR,0,,,,2015-03-20 16:01:35,,
250127524010854,249604511010854,250126699010854,2008,72,97,66,SIGL4,1,SIGL4,0,,,,2015-03-20 16:01:35,,
250127514010854,249604511010854,250126699010854,2008,72,97,66,STEM3,1,STEM3,0,,,,2015-03-20 16:01:35,,
250127527010854,249604511010854,250126699010854,2008,72,97,66,STIGM,1,STIGM,0,,2,,2015-03-20 16:01:35,,
250127522010854,249604511010854,250126699010854,2008,72,97,66,TIRE,1,TIRE,0,,,,2015-03-20 16:01:35,,
250127378010854,249604505010854,250126694010854,2008,72,97,75,ANAC4,1,ANAC4,0,,,,2015-03-20 16:01:34,,
250127420010854,249604505010854,250126694010854,2008,72,97,75,BOSU2,1,BOSU2,0,,,,2015-03-20 16:01:34,,
250127423010854,249604505010854,250126694010854,2008,72,97,75,BUSI,1,BUSI,0,,,,2015-03-20 16:01:34,,
250127419010854,249604505010854,250126694010854,2008,72,97,75,CHNI2,1,CHNI2,0,,6,,2015-03-20 16:01:34,,
250127413010854,249604505010854,250126694010854,2008,72,97,75,COHI3,1,COHI3,0,,,,2015-03-20 16:01:34,,
250127384010854,249604505010854,250126694010854,2008,72,97,75,COMI,1,COMI,0,,,,2015-03-20 16:01:34,,
250127382010854,249604505010854,250126694010854,2008,72,97,75,CRBE4,1,CRBE4,0,,,,2015-03-20 16:01:34,,
250127379010854,249604505010854,250126694010854,2008,72,97,75,CRDI8,1,CRDI8,0,,,,2015-03-20 16:01:34,,
250127426010854,249604505010854,250126694010854,2008,72,97,75,CRLU2,1,CRLU2,0,,,,2015-03-20 16:01:34,,
250127380010854,249604505010854,250126694010854,2008,72,97,75,ERAR17,1,ERAR17,0,,,,2015-03-20 16:01:34,,
250127412010854,249604505010854,250126694010854,2008,72,97,75,EUPE8,1,EUPE8,0,,,,2015-03-20 16:01:34,,
250127385010854,249604505010854,250126694010854,2008,72,97,75,FICI,1,FICI,0,,,,2015-03-20 16:01:34,,
250127417010854,249604505010854,250126694010854,2008,72,97,75,HAPO2,1,HAPO2,0,,,,2015-03-20 16:01:34,,
250127416010854,249604505010854,250126694010854,2008,72,97,75,MYFR,1,MYFR,0,,,,2015-03-20 16:01:34,,
250127410010854,249604505010854,250126694010854,2008,72,97,75,OPMO2,1,COMO8,0,,,,2015-03-20 16:01:34,2019-07-18 15:19:51,
250127424010854,249604505010854,250126694010854,2008,72,97,75,OPRE2,1,OPRE2,0,,,,2015-03-20 16:01:34,,
250127422010854,249604505010854,250126694010854,2008,72,97,75,PABL,1,PABL,0,,,,2015-03-20 16:01:34,,
250127383010854,249604505010854,250126694010854,2008,72,97,75,PLOB2,1,PLOB2,0,,,,2015-03-20 16:01:34,,
250127421010854,249604505010854,250126694010854,2008,72,97,75,PSMO3,1,PSMO3,0,,,,2015-03-20 16:01:34,,
250127418010854,249604505010854,250126694010854,2008,72,97,75,RAAC,1,RAAC,0,,,,2015-03-20 16:01:34,,
250127381010854,249604505010854,250126694010854,2008,72,97,75,REUN,1,REUN,0,,,,2015-03-20 16:01:34,,
250127415010854,249604505010854,250126694010854,2008,72,97,75,SEUT2,1,SEUT2,0,,,,2015-03-20 16:01:34,,
250127414010854,249604505010854,250126694010854,2008,72,97,75,SOPE2,1,SORA2,0,,,,2015-03-20 16:01:34,2019-07-18 15:19:51,
250127425010854,249604505010854,250126694010854,2008,72,97,75,STEM3,1,STEM3,0,,,,2015-03-20 16:01:34,,
250127411010854,249604505010854,250126694010854,2008,72,97,75,TIUT,1,TIUT,0,,,,2015-03-20 16:01:34,,
250127199010854,249604498010854,250126688010854,2008,72,97,89,ANAC4,1,ANAC4,0,,,,2015-03-20 16:01:34,,
250127216010854,249604498010854,250126688010854,2008,72,97,89,BOSU2,1,BOSU2,0,,,,2015-03-20 16:01:34,,
250127201010854,249604498010854,250126688010854,2008,72,97,89,BUSI,1,BUSI,0,,,,2015-03-20 16:01:34,,
250127203010854,249604498010854,250126688010854,2008,72,97,89,CHNI2,1,CHNI2,0,,10,,2015-03-20 16:01:34,,
250127196010854,249604498010854,250126688010854,2008,72,97,89,CODO,1,CODO,0,,,,2015-03-20 16:01:34,,
250127209010854,249604498010854,250126688010854,2008,72,97,89,COMI,1,COMI,0,,,,2015-03-20 16:01:34,,
250127211010854,249604498010854,250126688010854,2008,72,97,89,CRDI8,1,CRDI8,0,,,,2015-03-20 16:01:34,,
250127193010854,249604498010854,250126688010854,2008,72,97,89,CRLU2,1,CRLU2,0,,,,2015-03-20 16:01:34,,
250127222010854,249604498010854,250126688010854,2008,72,97,89,CRRH,1,CRRH,0,,,,2015-03-20 16:01:34,,
250127218010854,249604498010854,250126688010854,2008,72,97,89,EUFO3,1,EUFO3,0,,,,2015-03-20 16:01:34,,
250127197010854,249604498010854,250126688010854,2008,72,97,89,HAPO2,1,HAPO2,0,,,,2015-03-20 16:01:34,,
250127212010854,249604498010854,250126688010854,2008,72,97,89,HYTR,1,HYTR,0,,,,2015-03-20 16:01:34,,
250127207010854,249604498010854,250126688010854,2008,72,97,89,KRFE,1,KRFE,0,,,,2015-03-20 16:01:34,,
250127195010854,249604498010854,250126688010854,2008,72,97,89,METO3,1,METO3,0,,,,2015-03-20 16:01:34,,
250127198010854,249604498010854,250126688010854,2008,72,97,89,MYFR,1,MYFR,0,,,,2015-03-20 16:01:34,,
250127220010854,249604498010854,250126688010854,2008,72,97,89,OPMO2,1,COMO8,0,,,,2015-03-20 16:01:34,2019-07-18 15:19:51,
250127204010854,249604498010854,250126688010854,2008,72,97,89,OPRE2,1,OPRE2,0,,,,2015-03-20 16:01:34,,
250127219010854,249604498010854,250126688010854,2008,72,97,89,PASPA2,1,PASPA2,0,,2,,2015-03-20 16:01:34,,
250127215010854,249604498010854,250126688010854,2008,72,97,89,PHEP,1,PHEP,0,,,,2015-03-20 16:01:34,,
250127202010854,249604498010854,250126688010854,2008,72,97,89,PLOB2,1,PLOB2,0,,,,2015-03-20 16:01:34,,
250127205010854,249604498010854,250126688010854,2008,72,97,89,PSMO3,1,PSMO3,0,,,,2015-03-20 16:01:34,,
250127217010854,249604498010854,250126688010854,2008,72,97,89,PSNE,1,PSNE,0,,,,2015-03-20 16:01:34,,
250127200010854,249604498010854,250126688010854,2008,72,97,89,RAAC,1,RAAC,0,,,,2015-03-20 16:01:34,,
250127210010854,249604498010854,250126688010854,2008,72,97,89,REUN,1,REUN,0,,,,2015-03-20 16:01:34,,
250127221010854,249604498010854,250126688010854,2008,72,97,89,SEUT2,1,SEUT2,0,,,,2015-03-20 16:01:34,,
250127214010854,249604498010854,250126688010854,2008,72,97,89,STEM3,1,STEM3,0,,,,2015-03-20 16:01:34,,
250127194010854,249604498010854,250126688010854,2008,72,97,89,TAHE,1,TAHE,0,,,,2015-03-20 16:01:34,,
250127206010854,249604498010854,250126688010854,2008,72,97,89,TIRE,1,TIRE,0,,,,2015-03-20 16:01:34,,
250127208010854,249604498010854,250126688010854,2008,72,97,89,TIUT,1,TIUT,0,,,,2015-03-20 16:01:34,,
250127213010854,249604498010854,250126688010854,2008,72,97,89,ZITA,1,ZITA,0,,,,2015-03-20 16:01:34,,
250127454010854,249604508010854,250126696010854,2008,72,97,90,ANAC4,1,ANAC4,0,,,,2015-03-20 16:01:34,,
250127476010854,249604508010854,250126696010854,2008,72,97,90,BOSU2,1,BOSU2,0,,,,2015-03-20 16:01:35,,
250127459010854,249604508010854,250126696010854,2008,72,97,90,BUSI,1,BUSI,0,,,,2015-03-20 16:01:35,,
250127458010854,249604508010854,250126696010854,2008,72,97,90,CEVI2,1,CEVI2,0,,2,,2015-03-20 16:01:35,,
250127467010854,249604508010854,250126696010854,2008,72,97,90,CHNI2,1,CHNI2,0,,2,,2015-03-20 16:01:35,,
250127457010854,249604508010854,250126696010854,2008,72,97,90,CODO,1,CODO,0,,,,2015-03-20 16:01:35,,
250127453010854,249604508010854,250126696010854,2008,72,97,90,COMI,1,COMI,0,,,,2015-03-20 16:01:35,,
250127474010854,249604508010854,250126696010854,2008,72,97,90,CRBE4,1,CRBE4,0,,,,2015-03-20 16:01:35,,
250127456010854,249604508010854,250126696010854,2008,72,97,90,CRDI8,1,CRDI8,0,,,,2015-03-20 16:01:35,,
250127455010854,249604508010854,250126696010854,2008,72,97,90,CRLU2,1,CRLU2,0,,,,2015-03-20 16:01:35,,
250127477010854,249604508010854,250126696010854,2008,72,97,90,EUFO3,1,EUFO3,0,,,,2015-03-20 16:01:35,,
250127473010854,249604508010854,250126696010854,2008,72,97,90,EUPE8,1,EUPE8,0,,,,2015-03-20 16:01:35,,
250127470010854,249604508010854,250126696010854,2008,72,97,90,GADU2,1,GADU2,0,,,,2015-03-20 16:01:35,,
250127471010854,249604508010854,250126696010854,2008,72,97,90,MYFR,1,MYFR,0,,,,2015-03-20 16:01:35,,
250127460010854,249604508010854,250126696010854,2008,72,97,90,OPMO2,1,COMO8,0,,,,2015-03-20 16:01:35,2019-07-18 15:19:51,
250127475010854,249604508010854,250126696010854,2008,72,97,90,OPRE2,1,OPRE2,0,,,,2015-03-20 16:01:35,,
250127463010854,249604508010854,250126696010854,2008,72,97,90,PIAL3,1,PIAL3,0,,,,2015-03-20 16:01:35,,
250127464010854,249604508010854,250126696010854,2008,72,97,90,PLOB2,1,PLOB2,0,,,,2015-03-20 16:01:35,,
250127466010854,249604508010854,250126696010854,2008,72,97,90,SEUT2,1,SEUT2,0,,,,2015-03-20 16:01:35,,
250127462010854,249604508010854,250126696010854,2008,72,97,90,PSMO3,1,PSMO3,0,,,,2015-03-20 16:01:35,,
250127469010854,249604508010854,250126696010854,2008,72,97,90,REUN,1,REUN,0,,,,2015-03-20 16:01:35,,
250127472010854,249604508010854,250126696010854,2008,72,97,90,STEM3,1,STEM3,0,,,,2015-03-20 16:01:35,,
250127461010854,249604508010854,250126696010854,2008,72,97,90,TAHE,1,TAHE,0,,,,2015-03-20 16:01:35,,
250127465010854,249604508010854,250126696010854,2008,72,97,90,TIRE,1,TIRE,0,,,,2015-03-20 16:01:35,,
250127468010854,249604508010854,250126696010854,2008,72,97,90,TIUT,1,TIUT,0,,,,2015-03-20 16:01:35,,
250127429010854,249604507010854,250126695010854,2008,72,97,92,ANAC4,1,ANAC4,0,,,,2015-03-20 16:01:34,,
250127444010854,249604507010854,250126695010854,2008,72,97,92,BUSI,1,BUSI,0,,,,2015-03-20 16:01:34,,
250127442010854,249604507010854,250126695010854,2008,72,97,92,CHLI5,1,CHLI5,0,,,,2015-03-20 16:01:34,,
250127452010854,249604507010854,250126695010854,2008,72,97,92,CODI8,1,CODI8,0,,,,2015-03-20 16:01:34,,
250127449010854,249604507010854,250126695010854,2008,72,97,92,CODO,1,CODO,0,,,,2015-03-20 16:01:34,,
250127435010854,249604507010854,250126695010854,2008,72,97,92,COHI3,1,COHI3,0,,,,2015-03-20 16:01:34,,
250127430010854,249604507010854,250126695010854,2008,72,97,92,COMI,1,COMI,0,,,,2015-03-20 16:01:34,,
250127441010854,249604507010854,250126695010854,2008,72,97,92,CRBE4,1,CRBE4,0,,,,2015-03-20 16:01:34,,
250127428010854,249604507010854,250126695010854,2008,72,97,92,CRDI8,1,CRDI8,0,,,,2015-03-20 16:01:34,,
250127427010854,249604507010854,250126695010854,2008,72,97,92,CRLU2,1,CRLU2,0,,,,2015-03-20 16:01:34,,
250127443010854,249604507010854,250126695010854,2008,72,97,92,DOHA2,1,DOHA2,0,,,,2015-03-20 16:01:34,,
250127431010854,249604507010854,250126695010854,2008,72,97,92,EUPE8,1,EUPE8,0,,,,2015-03-20 16:01:34,,
250127451010854,249604507010854,250126695010854,2008,72,97,92,MYFR,1,MYFR,0,,,,2015-03-20 16:01:34,,
250127439010854,249604507010854,250126695010854,2008,72,97,92,OPRE2,1,OPRE2,0,,,,2015-03-20 16:01:34,,
250127436010854,249604507010854,250126695010854,2008,72,97,92,PLOB2,1,PLOB2,0,,,,2015-03-20 16:01:34,,
250127440010854,249604507010854,250126695010854,2008,72,97,92,PSMO3,1,PSMO3,0,,,,2015-03-20 16:01:34,,
250127437010854,249604507010854,250126695010854,2008,72,97,92,REUN,1,REUN,0,,,,2015-03-20 16:01:34,,
250127432010854,249604507010854,250126695010854,2008,72,97,92,RHRE3,1,RHRE3,0,,,,2015-03-20 16:01:34,,
250127433010854,249604507010854,250126695010854,2008,72,97,92,SEUT2,1,SEUT2,0,,,,2015-03-20 16:01:34,,
250127438010854,249604507010854,250126695010854,2008,72,97,92,STEM3,1,STEM3,0,,,,2015-03-20 16:01:34,,
250127450010854,249604507010854,250126695010854,2008,72,97,92,STIGM,1,STIGM,0,,2,,2015-03-20 16:01:34,,
250127448010854,249604507010854,250126695010854,2008,72,97,92,TABEB,1,TABEB,0,,2,,2015-03-20 16:01:34,,
250127447010854,249604507010854,250126695010854,2008,72,97,92,TAHE,1,TAHE,0,,,,2015-03-20 16:01:34,,
250127434010854,249604507010854,250126695010854,2008,72,97,92,TIRE,1,TIRE,0,,,,2015-03-20 16:01:34,,
250127445010854,249604507010854,250126695010854,2008,72,97,92,TIUT,1,TIUT,0,,,,2015-03-20 16:01:34,,
250127446010854,249604507010854,250126695010854,2008,72,97,92,VITIS,1,VITIS,0,,2,,2015-03-20 16:01:34,,
250127057010854,249604493010854,250126683010854,2008,72,97,93,CHNI2,1,CHNI2,0,,10,,2015-03-20 16:01:34,,
250127065010854,249604493010854,250126683010854,2008,72,97,93,AMEL,1,AMEL,0,,,,2015-03-20 16:01:34,,
250127058010854,249604493010854,250126683010854,2008,72,97,93,ANAC4,1,ANAC4,0,,,,2015-03-20 16:01:34,,
250127052010854,249604493010854,250126683010854,2008,72,97,93,BUSI,1,BUSI,0,,,,2015-03-20 16:01:34,,
250127047010854,249604493010854,250126683010854,2008,72,97,93,CHPA31,1,CHPA31,0,,,,2015-03-20 16:01:34,,
250127066010854,249604493010854,250126683010854,2008,72,97,93,CODO,1,CODO,0,,,,2015-03-20 16:01:34,,
250127073010854,249604493010854,250126683010854,2008,72,97,93,DOHA2,1,DOHA2,0,,,,2015-03-20 16:01:34,,
250127053010854,249604493010854,250126683010854,2008,72,97,93,COMI,1,COMI,0,,,,2015-03-20 16:01:34,,
250127060010854,249604493010854,250126683010854,2008,72,97,93,CRBE4,1,CRBE4,0,,,,2015-03-20 16:01:34,,
250127050010854,249604493010854,250126683010854,2008,72,97,93,CRLU2,1,CRLU2,0,,,,2015-03-20 16:01:34,,
250127059010854,249604493010854,250126683010854,2008,72,97,93,EUFO3,1,EUFO3,0,,,,2015-03-20 16:01:34,,
250127069010854,249604493010854,250126683010854,2008,72,97,93,EUPE8,1,EUPE8,0,,,,2015-03-20 16:01:34,,
250127072010854,249604493010854,250126683010854,2008,72,97,93,HYTR,1,HYTR,0,,,,2015-03-20 16:01:34,,
250127061010854,249604493010854,250126683010854,2008,72,97,93,METO3,1,METO3,0,,,,2015-03-20 16:01:34,,
250127049010854,249604493010854,250126683010854,2008,72,97,93,MYFR,1,MYFR,0,,,,2015-03-20 16:01:34,,
250127071010854,249604493010854,250126683010854,2008,72,97,93,OPMO2,1,COMO8,0,,,,2015-03-20 16:01:34,2019-07-18 15:19:51,
250127070010854,249604493010854,250126683010854,2008,72,97,93,OPRE2,1,OPRE2,0,,,,2015-03-20 16:01:34,,
250127051010854,249604493010854,250126683010854,2008,72,97,93,PHEP,1,PHEP,0,,,,2015-03-20 16:01:34,,
250127064010854,249604493010854,250126683010854,2008,72,97,93,PLAL,1,PLAL,0,,,,2015-03-20 16:01:34,,
250127056010854,249604493010854,250126683010854,2008,72,97,93,PSMO3,1,PSMO3,0,,,,2015-03-20 16:01:34,,
250127062010854,249604493010854,250126683010854,2008,72,97,93,RAPO2,1,RAPO2,0,,,,2015-03-20 16:01:34,,
250127063010854,249604493010854,250126683010854,2008,72,97,93,REUN,1,REUN,0,,,,2015-03-20 16:01:34,,
250127068010854,249604493010854,250126683010854,2008,72,97,93,SEUT2,1,SEUT2,0,,,,2015-03-20 16:01:34,,
250127067010854,249604493010854,250126683010854,2008,72,97,93,STEM3,1,STEM3,0,,,,2015-03-20 16:01:34,,
250127048010854,249604493010854,250126683010854,2008,72,97,93,TAHE,1,TAHE,0,,,,2015-03-20 16:01:34,,
250127055010854,249604493010854,250126683010854,2008,72,97,93,TIRE,1,TIRE,0,,,,2015-03-20 16:01:34,,
250127054010854,249604493010854,250126683010854,2008,72,97,93,TIUT,1,TIUT,0,,,,2015-03-20 16:01:34,,
250126840010854,249604484010854,250126676010854,2008,72,97,100,AMEL,1,AMEL,0,,,,2015-03-20 16:01:33,,
250126824010854,249604484010854,250126676010854,2008,72,97,100,ANAC4,1,ANAC4,0,,,,2015-03-20 16:01:33,,
250126825010854,249604484010854,250126676010854,2008,72,97,100,AYIN2,1,AYIN2,0,,,,2015-03-20 16:01:33,,
250126814010854,249604484010854,250126676010854,2008,72,97,100,BOSU2,1,BOSU2,0,,,,2015-03-20 16:01:33,,
250126844010854,249604484010854,250126676010854,2008,72,97,100,BUSI,1,BUSI,0,,,,2015-03-20 16:01:33,,
250126830010854,249604484010854,250126676010854,2008,72,97,100,CAFL2,1,CAFL2,0,,,,2015-03-20 16:01:33,,
250126841010854,249604484010854,250126676010854,2008,72,97,100,CARE8,1,CARE8,0,,,,2015-03-20 16:01:33,,
250126847010854,249604484010854,250126676010854,2008,72,97,100,CEVI2,1,CEVI2,0,,2,,2015-03-20 16:01:33,,
250126850010854,249604484010854,250126676010854,2008,72,97,100,CHNI2,1,CHNI2,0,,2,,2015-03-20 16:01:33,,
250126816010854,249604484010854,250126676010854,2008,72,97,100,CITR2,1,CITR2,0,,,,2015-03-20 16:01:33,,
250126821010854,249604484010854,250126676010854,2008,72,97,100,CODO,1,CODO,0,,,,2015-03-20 16:01:33,,
250126834010854,249604484010854,250126676010854,2008,72,97,100,COERE,1,COERE,0,,2,,2015-03-20 16:01:33,,
250126826010854,249604484010854,250126676010854,2008,72,97,100,COHI3,1,COHI3,0,,,,2015-03-20 16:01:33,,
250126852010854,249604484010854,250126676010854,2008,72,97,100,COMI,1,COMI,0,,,,2015-03-20 16:01:33,,
250126833010854,249604484010854,250126676010854,2008,72,97,100,CRBE4,1,CRBE4,0,,,,2015-03-20 16:01:33,,
250126829010854,249604484010854,250126676010854,2008,72,97,100,CRDI8,1,CRDI8,0,,,,2015-03-20 16:01:33,,
250126831010854,249604484010854,250126676010854,2008,72,97,100,CRLU2,1,CRLU2,0,,,,2015-03-20 16:01:33,,
250126849010854,249604484010854,250126676010854,2008,72,97,100,DOHA2,1,DOHA2,0,,,,2015-03-20 16:01:33,,
250126811010854,249604484010854,250126676010854,2008,72,97,100,EUFO3,1,EUFO3,0,,,,2015-03-20 16:01:33,,
250126815010854,249604484010854,250126676010854,2008,72,97,100,EUPE8,1,EUPE8,0,,,,2015-03-20 16:01:33,,
250126859010854,249604484010854,250126676010854,2008,72,97,100,EXCA,1,EXCA,0,,,,2015-03-20 16:01:33,,
250126820010854,249604484010854,250126676010854,2008,72,97,100,GADU2,1,GADU2,0,,,,2015-03-20 16:01:33,,
250126853010854,249604484010854,250126676010854,2008,72,97,100,GUEL,1,GUEL,0,,,,2015-03-20 16:01:33,,
250126823010854,249604484010854,250126676010854,2008,72,97,100,HAPO2,1,HAPO2,0,,,,2015-03-20 16:01:33,,
250126813010854,249604484010854,250126676010854,2008,72,97,100,IPMI,1,IPMI,0,,,,2015-03-20 16:01:33,,
250126817010854,249604484010854,250126676010854,2008,72,97,100,JAPE,1,JAPE,0,,,,2015-03-20 16:01:33,,
250126822010854,249604484010854,250126676010854,2008,72,97,100,LAIN2,1,LAIN2,0,,,,2015-03-20 16:01:33,,
250126827010854,249604484010854,250126676010854,2008,72,97,100,METO3,1,METO3,0,,,,2015-03-20 16:01:33,,
250126828010854,249604484010854,250126676010854,2008,72,97,100,METO4,1,METO4,0,,,,2015-03-20 16:01:33,,
250126860010854,249604484010854,250126676010854,2008,72,97,100,MYFR,1,MYFR,0,,,,2015-03-20 16:01:33,,
250126836010854,249604484010854,250126676010854,2008,72,97,100,OPMO2,1,COMO8,0,,,,2015-03-20 16:01:33,2019-07-18 15:19:51,
250126818010854,249604484010854,250126676010854,2008,72,97,100,OPRE2,1,OPRE2,0,,,,2015-03-20 16:01:33,,
250126812010854,249604484010854,250126676010854,2008,72,97,100,PABL,1,PABL,0,,,,2015-03-20 16:01:33,,
250126842010854,249604484010854,250126676010854,2008,72,97,100,PIRO6,1,PIRO6,0,,,,2015-03-20 16:01:33,,
250126851010854,249604484010854,250126676010854,2008,72,97,100,PLOB2,1,PLOB2,0,,,,2015-03-20 16:01:33,,
250126848010854,249604484010854,250126676010854,2008,72,97,100,PSMO3,1,PSMO3,0,,,,2015-03-20 16:01:33,,
250126835010854,249604484010854,250126676010854,2008,72,97,100,RAVI,1,RAVI,0,,,,2015-03-20 16:01:33,,
250126843010854,249604484010854,250126676010854,2008,72,97,100,REUN,1,REUN,0,,,,2015-03-20 16:01:33,,
250126846010854,249604484010854,250126676010854,2008,72,97,100,RHRE3,1,RHRE3,0,,,,2015-03-20 16:01:33,,
250126845010854,249604484010854,250126676010854,2008,72,97,100,SEUT2,1,SEUT2,0,,,,2015-03-20 16:01:33,,
250126837010854,249604484010854,250126676010854,2008,72,97,100,SIMU4,1,SIMU4,0,,,,2015-03-20 16:01:33,,
250126861010854,249604484010854,250126676010854,2008,72,97,100,STEM3,1,STEM3,0,,,,2015-03-20 16:01:33,,
250126839010854,249604484010854,250126676010854,2008,72,97,100,TAHE,1,TAHE,0,,,,2015-03-20 16:01:33,,
250126832010854,249604484010854,250126676010854,2008,72,97,100,TIRE,1,TIRE,0,,,,2015-03-20 16:01:33,,
250126838010854,249604484010854,250126676010854,2008,72,97,100,TIUT,1,TIUT,0,,,,2015-03-20 16:01:33,,
250126819010854,249604484010854,250126676010854,2008,72,97,100,TOVO,1,TOVO,0,,,,2015-03-20 16:01:33,,
250127290010854,249604501010854,250126690010854,2008,72,97,128,2PLANT,1,2PLANT,0,,6,,2015-03-20 16:01:34,,
250127297010854,249604501010854,250126690010854,2008,72,97,128,2PLANT,2,2PLANT,0,,6,,2015-03-20 16:01:34,,
250127287010854,249604501010854,250126690010854,2008,72,97,128,AMEL,1,AMEL,0,,,,2015-03-20 16:01:34,,
250127278010854,249604501010854,250126690010854,2008,72,97,128,ANAC4,1,ANAC4,0,,,,2015-03-20 16:01:34,,
250127292010854,249604501010854,250126690010854,2008,72,97,128,BOSU2,1,BOSU2,0,,,,2015-03-20 16:01:34,,
250127279010854,249604501010854,250126690010854,2008,72,97,128,BUSI,1,BUSI,0,,,,2015-03-20 16:01:34,,
250127288010854,249604501010854,250126690010854,2008,72,97,128,CEVI2,1,CEVI2,0,,10,,2015-03-20 16:01:34,,
250127280010854,249604501010854,250126690010854,2008,72,97,128,CHNI2,1,CHNI2,0,,10,,2015-03-20 16:01:34,,
250127282010854,249604501010854,250126690010854,2008,72,97,128,COMI,1,COMI,0,,,,2015-03-20 16:01:34,,
250127276010854,249604501010854,250126690010854,2008,72,97,128,CRBE4,1,CRBE4,0,,,,2015-03-20 16:01:34,,
250127277010854,249604501010854,250126690010854,2008,72,97,128,CRDI8,1,CRDI8,0,,,,2015-03-20 16:01:34,,
250127275010854,249604501010854,250126690010854,2008,72,97,128,CRLU2,1,CRLU2,0,,,,2015-03-20 16:01:34,,
250127296010854,249604501010854,250126690010854,2008,72,97,128,EUFO3,1,EUFO3,0,,,,2015-03-20 16:01:34,,
250127285010854,249604501010854,250126690010854,2008,72,97,128,EUPE8,1,EUPE8,0,,,,2015-03-20 16:01:34,,
250127283010854,249604501010854,250126690010854,2008,72,97,128,EXCA,1,EXCA,0,,,,2015-03-20 16:01:34,,
250127294010854,249604501010854,250126690010854,2008,72,97,128,FICI,1,FICI,0,,,,2015-03-20 16:01:34,,
250127299010854,249604501010854,250126690010854,2008,72,97,128,GADU2,1,GADU2,0,,,,2015-03-20 16:01:34,,
250127293010854,249604501010854,250126690010854,2008,72,97,128,HAPO2,1,HAPO2,0,,,,2015-03-20 16:01:34,,
250127298010854,249604501010854,250126690010854,2008,72,97,128,LAIN2,1,LAIN2,0,,,,2015-03-20 16:01:34,,
250127300010854,249604501010854,250126690010854,2008,72,97,128,OPMO2,1,COMO8,0,,,,2015-03-20 16:01:34,2019-07-18 15:19:51,
250127289010854,249604501010854,250126690010854,2008,72,97,128,OPRE2,1,OPRE2,0,,,,2015-03-20 16:01:34,,
250127295010854,249604501010854,250126690010854,2008,72,97,128,PLOB2,1,PLOB2,0,,,,2015-03-20 16:01:34,,
250127286010854,249604501010854,250126690010854,2008,72,97,128,PSMO3,1,PSMO3,0,,,,2015-03-20 16:01:34,,
250127274010854,249604501010854,250126690010854,2008,72,97,128,REUN,1,REUN,0,,,,2015-03-20 16:01:34,,
250127291010854,249604501010854,250126690010854,2008,72,97,128,SEUT2,1,SEUT2,0,,,,2015-03-20 16:01:34,,
250127281010854,249604501010854,250126690010854,2008,72,97,128,TAHE,1,TAHE,0,,,,2015-03-20 16:01:34,,
250127284010854,249604501010854,250126690010854,2008,72,97,128,TIUT,1,TIUT,0,,,,2015-03-20 16:01:34,,
250127569010854,249604513010854,250126701010854,2008,72,97,129,2FORB,1,2FORB,0,,2,,2015-03-20 16:01:35,,
250127556010854,249604513010854,250126701010854,2008,72,97,129,ANAC4,1,ANAC4,0,,,,2015-03-20 16:01:35,,
250127572010854,249604513010854,250126701010854,2008,72,97,129,BUSI,1,BUSI,0,,,,2015-03-20 16:01:35,,
250127563010854,249604513010854,250126701010854,2008,72,97,129,CHLI5,1,CHLI5,0,,,,2015-03-20 16:01:35,,
250127573010854,249604513010854,250126701010854,2008,72,97,129,CODO,1,CODO,0,,,,2015-03-20 16:01:35,,
250127558010854,249604513010854,250126701010854,2008,72,97,129,COHI3,1,COHI3,0,,,,2015-03-20 16:01:35,,
250127562010854,249604513010854,250126701010854,2008,72,97,129,CRBE4,1,CRBE4,0,,,,2015-03-20 16:01:35,,
250127559010854,249604513010854,250126701010854,2008,72,97,129,CRDI8,1,CRDI8,0,,,,2015-03-20 16:01:35,,
250127574010854,249604513010854,250126701010854,2008,72,97,129,DOHA2,1,DOHA2,0,,,,2015-03-20 16:01:35,,
250127560010854,249604513010854,250126701010854,2008,72,97,129,EUPE8,1,EUPE8,0,,,,2015-03-20 16:01:35,,
250127567010854,249604513010854,250126701010854,2008,72,97,129,HEJA,1,HEJA,0,,,,2015-03-20 16:01:35,,
250127571010854,249604513010854,250126701010854,2008,72,97,129,MEIN7,1,MEIN7,0,,,,2015-03-20 16:01:35,,
250127561010854,249604513010854,250126701010854,2008,72,97,129,OPMO2,1,COMO8,0,,,,2015-03-20 16:01:35,2019-07-18 15:19:51,
250127565010854,249604513010854,250126701010854,2008,72,97,129,OPRE2,1,OPRE2,0,,,,2015-03-20 16:01:35,,
250127575010854,249604513010854,250126701010854,2008,72,97,129,PANIC,1,PANIC,0,,2,,2015-03-20 16:01:35,,
250127557010854,249604513010854,250126701010854,2008,72,97,129,PLOB2,1,PLOB2,0,,,,2015-03-20 16:01:35,,
250127570010854,249604513010854,250126701010854,2008,72,97,129,RAAC,1,RAAC,0,,,,2015-03-20 16:01:35,,
250127564010854,249604513010854,250126701010854,2008,72,97,129,REUN,1,REUN,0,,,,2015-03-20 16:01:35,,
250127566010854,249604513010854,250126701010854,2008,72,97,129,RHRE3,1,RHRE3,0,,,,2015-03-20 16:01:35,,
250127568010854,249604513010854,250126701010854,2008,72,97,129,SEUT2,1,SEUT2,0,,,,2015-03-20 16:01:35,,
250127576010854,249604513010854,250126701010854,2008,72,97,129,STEM3,1,STEM3,0,,,,2015-03-20 16:01:35,,
250127320010854,249604509010854,250126697010854,2008,72,97,134,ANAC4,1,ANAC4,0,,,,2015-03-20 16:01:35,,
250127388010854,249604509010854,250126697010854,2008,72,97,134,BOSU2,1,BOSU2,0,,,,2015-03-20 16:01:35,,
250127394010854,249604509010854,250126697010854,2008,72,97,134,BUSI,1,BUSI,0,,,,2015-03-20 16:01:35,,
250127387010854,249604509010854,250126697010854,2008,72,97,134,CHNI2,1,CHNI2,0,,2,,2015-03-20 16:01:35,,
250127399010854,249604509010854,250126697010854,2008,72,97,134,CODO,1,CODO,0,,,,2015-03-20 16:01:35,,
250127478010854,249604509010854,250126697010854,2008,72,97,134,COMI,1,COMI,0,,,,2015-03-20 16:01:35,,
250127386010854,249604509010854,250126697010854,2008,72,97,134,CRBE4,1,CRBE4,0,,,,2015-03-20 16:01:35,,
250127322010854,249604509010854,250126697010854,2008,72,97,134,CRDI8,1,CRDI8,0,,,,2015-03-20 16:01:35,,
250127319010854,249604509010854,250126697010854,2008,72,97,134,CRLU2,1,CRLU2,0,,,,2015-03-20 16:01:35,,
250127321010854,249604509010854,250126697010854,2008,72,97,134,DOHA2,1,DOHA2,0,,,,2015-03-20 16:01:35,,
250127402010854,249604509010854,250126697010854,2008,72,97,134,EUPE8,1,EUPE8,0,,,,2015-03-20 16:01:35,,
250127398010854,249604509010854,250126697010854,2008,72,97,134,EXCA,1,EXCA,0,,,,2015-03-20 16:01:35,,
250127397010854,249604509010854,250126697010854,2008,72,97,134,GADU2,1,GADU2,0,,,,2015-03-20 16:01:35,,
250127392010854,249604509010854,250126697010854,2008,72,97,134,OPMO2,1,COMO8,0,,,,2015-03-20 16:01:35,2019-07-18 15:19:51,
250127391010854,249604509010854,250126697010854,2008,72,97,134,OPRE2,1,OPRE2,0,,,,2015-03-20 16:01:35,,
250127389010854,249604509010854,250126697010854,2008,72,97,134,PIAL3,1,PIAL3,0,,,,2015-03-20 16:01:35,,
250127318010854,249604509010854,250126697010854,2008,72,97,134,REUN,1,REUN,0,,,,2015-03-20 16:01:35,,
250127400010854,249604509010854,250126697010854,2008,72,97,134,PIRO6,1,PIRO6,0,,,,2015-03-20 16:01:35,,
250127393010854,249604509010854,250126697010854,2008,72,97,134,PLOB2,1,PLOB2,0,,,,2015-03-20 16:01:35,,
250127390010854,249604509010854,250126697010854,2008,72,97,134,PSMO3,1,PSMO3,0,,,,2015-03-20 16:01:35,,
250127324010854,249604509010854,250126697010854,2008,72,97,134,SEUT2,1,SEUT2,0,,,,2015-03-20 16:01:35,,
250127401010854,249604509010854,250126697010854,2008,72,97,134,STEM3,1,STEM3,0,,,,2015-03-20 16:01:35,,
250127395010854,249604509010854,250126697010854,2008,72,97,134,TAHE,1,TAHE,0,,,,2015-03-20 16:01:35,,
250127396010854,249604509010854,250126697010854,2008,72,97,134,TIRE,1,TIRE,0,,,,2015-03-20 16:01:35,,
250127323010854,249604509010854,250126697010854,2008,72,97,134,TIUT,1,TIUT,0,,,,2015-03-20 16:01:35,,
250127038010854,249604492010854,250126682010854,2008,72,97,157,2TREE,1,2TREE,0,,2,,2015-03-20 16:01:34,,
250127043010854,249604492010854,250126682010854,2008,72,97,157,BUSI,1,BUSI,0,,,,2015-03-20 16:01:34,,
250127045010854,249604492010854,250126682010854,2008,72,97,157,CAWI,1,CAWI,0,,,,2015-03-20 16:01:34,,
250127029010854,249604492010854,250126682010854,2008,72,97,157,CEHI3,1,CEHI3,0,,,,2015-03-20 16:01:34,,
250127020010854,249604492010854,250126682010854,2008,72,97,157,CEVI2,1,CEVI2,0,,2,,2015-03-20 16:01:34,,
250127028010854,249604492010854,250126682010854,2008,72,97,157,CHLI5,1,CHLI5,0,,,,2015-03-20 16:01:34,,
250127037010854,249604492010854,250126682010854,2008,72,97,157,CODI8,1,CODI8,0,,,,2015-03-20 16:01:34,,
250127034010854,249604492010854,250126682010854,2008,72,97,157,CODO,1,CODO,0,,,,2015-03-20 16:01:34,,
250127026010854,249604492010854,250126682010854,2008,72,97,157,COMI,1,COMI,0,,,,2015-03-20 16:01:34,,
250127022010854,249604492010854,250126682010854,2008,72,97,157,CRBE4,1,CRBE4,0,,,,2015-03-20 16:01:34,,
250127021010854,249604492010854,250126682010854,2008,72,97,157,CRDI8,1,CRDI8,0,,,,2015-03-20 16:01:34,,
250127018010854,249604492010854,250126682010854,2008,72,97,157,CRLU2,1,CRLU2,0,,,,2015-03-20 16:01:34,,
250127027010854,249604492010854,250126682010854,2008,72,97,157,CRRH,1,CRRH,0,,,,2015-03-20 16:01:34,,
250127017010854,249604492010854,250126682010854,2008,72,97,157,DOHA2,1,DOHA2,0,,,,2015-03-20 16:01:34,,
250127040010854,249604492010854,250126682010854,2008,72,97,157,EUFO3,1,EUFO3,0,,,,2015-03-20 16:01:34,,
250127042010854,249604492010854,250126682010854,2008,72,97,157,EUPE8,1,EUPE8,0,,,,2015-03-20 16:01:34,,
250127035010854,249604492010854,250126682010854,2008,72,97,157,FICI,1,FICI,0,,,,2015-03-20 16:01:34,,
250127016010854,249604492010854,250126682010854,2008,72,97,157,HAPO2,1,HAPO2,0,,,,2015-03-20 16:01:34,,
250127032010854,249604492010854,250126682010854,2008,72,97,157,HYTR,1,HYTR,0,,,,2015-03-20 16:01:34,,
250127041010854,249604492010854,250126682010854,2008,72,97,157,LAIN2,1,LAIN2,0,,,,2015-03-20 16:01:34,,
250127036010854,249604492010854,250126682010854,2008,72,97,157,METO3,1,METO3,0,,,,2015-03-20 16:01:34,,
250127044010854,249604492010854,250126682010854,2008,72,97,157,MYFR,1,MYFR,0,,,,2015-03-20 16:01:34,,
250127031010854,249604492010854,250126682010854,2008,72,97,157,OPMO2,1,COMO8,0,,,,2015-03-20 16:01:34,2019-07-18 15:19:51,
250127046010854,249604492010854,250126682010854,2008,72,97,157,OPRE2,1,OPRE2,0,,,,2015-03-20 16:01:34,,
250127033010854,249604492010854,250126682010854,2008,72,97,157,PLOB2,1,PLOB2,0,,,,2015-03-20 16:01:34,,
250127019010854,249604492010854,250126682010854,2008,72,97,157,PSMO3,1,PSMO3,0,,,,2015-03-20 16:01:34,,
250127039010854,249604492010854,250126682010854,2008,72,97,157,RAAC,1,RAAC,0,,,,2015-03-20 16:01:34,,
250127015010854,249604492010854,250126682010854,2008,72,97,157,REUN,1,REUN,0,,,,2015-03-20 16:01:34,,
250127025010854,249604492010854,250126682010854,2008,72,97,157,SEUT2,1,SEUT2,0,,,,2015-03-20 16:01:34,,
250127024010854,249604492010854,250126682010854,2008,72,97,157,STEM3,1,STEM3,0,,,,2015-03-20 16:01:34,,
250127023010854,249604492010854,250126682010854,2008,72,97,157,TAHE,1,TAHE,0,,,,2015-03-20 16:01:34,,
250127014010854,249604492010854,250126682010854,2008,72,97,157,TIRE,1,TIRE,0,,,,2015-03-20 16:01:34,,
250127030010854,249604492010854,250126682010854,2008,72,97,157,TIUT,1,TIUT,0,,,,2015-03-20 16:01:34,,
250127335010854,249604503010854,250126692010854,2008,72,97,165,BUSI,1,BUSI,0,,,,2015-03-20 16:01:34,,
250127345010854,249604503010854,250126692010854,2008,72,97,165,AMEL,1,AMEL,0,,,,2015-03-20 16:01:34,,
250127336010854,249604503010854,250126692010854,2008,72,97,165,ANAC4,1,ANAC4,0,,,,2015-03-20 16:01:34,,
250127334010854,249604503010854,250126692010854,2008,72,97,165,BOSU2,1,BOSU2,0,,,,2015-03-20 16:01:34,,
250127327010854,249604503010854,250126692010854,2008,72,97,165,CHNI2,1,CHNI2,0,,10,,2015-03-20 16:01:34,,
250127351010854,249604503010854,250126692010854,2008,72,97,165,CODO,1,CODO,0,,,,2015-03-20 16:01:34,,
250127337010854,249604503010854,250126692010854,2008,72,97,165,COMI,1,COMI,0,,,,2015-03-20 16:01:34,,
250127341010854,249604503010854,250126692010854,2008,72,97,165,CRBE4,1,CRBE4,0,,,,2015-03-20 16:01:34,,
250127326010854,249604503010854,250126692010854,2008,72,97,165,CRDI8,1,CRDI8,0,,,,2015-03-20 16:01:34,,
250127317010854,249604503010854,250126692010854,2008,72,97,165,CRLU2,1,CRLU2,0,,,,2015-03-20 16:01:34,,
250127330010854,249604503010854,250126692010854,2008,72,97,165,CRRH,1,CRRH,0,,,,2015-03-20 16:01:34,,
250127342010854,249604503010854,250126692010854,2008,72,97,165,EUFO3,1,EUFO3,0,,,,2015-03-20 16:01:34,,
250127343010854,249604503010854,250126692010854,2008,72,97,165,EUPE8,1,EUPE8,0,,,,2015-03-20 16:01:34,,
250127331010854,249604503010854,250126692010854,2008,72,97,165,EXCA,1,EXCA,0,,,,2015-03-20 16:01:34,,
250127350010854,249604503010854,250126692010854,2008,72,97,165,GADU2,1,GADU2,0,,,,2015-03-20 16:01:34,,
250127346010854,249604503010854,250126692010854,2008,72,97,165,HYTR,1,HYTR,0,,,,2015-03-20 16:01:34,,
250127352010854,249604503010854,250126692010854,2008,72,97,165,METO3,1,METO3,0,,,,2015-03-20 16:01:34,,
250127325010854,249604503010854,250126692010854,2008,72,97,165,MYFR,1,MYFR,0,,,,2015-03-20 16:01:34,,
250127344010854,249604503010854,250126692010854,2008,72,97,165,OPMO2,1,COMO8,0,,,,2015-03-20 16:01:34,2019-07-18 15:19:51,
250127348010854,249604503010854,250126692010854,2008,72,97,165,OPRE2,1,OPRE2,0,,,,2015-03-20 16:01:34,,
250127347010854,249604503010854,250126692010854,2008,72,97,165,PHEP,1,PHEP,0,,,,2015-03-20 16:01:34,,
250127333010854,249604503010854,250126692010854,2008,72,97,165,PIRO6,1,PIRO6,0,,,,2015-03-20 16:01:34,,
250127329010854,249604503010854,250126692010854,2008,72,97,165,PLOB2,1,PLOB2,0,,,,2015-03-20 16:01:34,,
250127349010854,249604503010854,250126692010854,2008,72,97,165,PSMO3,1,PSMO3,0,,,,2015-03-20 16:01:34,,
250127328010854,249604503010854,250126692010854,2008,72,97,165,REUN,1,REUN,0,,,,2015-03-20 16:01:34,,
250127338010854,249604503010854,250126692010854,2008,72,97,165,SEUT2,1,SEUT2,0,,,,2015-03-20 16:01:34,,
250127332010854,249604503010854,250126692010854,2008,72,97,165,TAHE,1,TAHE,0,,,,2015-03-20 16:01:34,,
250127339010854,249604503010854,250126692010854,2008,72,97,165,TIRE,1,TIRE,0,,,,2015-03-20 16:01:34,,
250127340010854,249604503010854,250126692010854,2008,72,97,165,TIUT,1,TIUT,0,,,,2015-03-20 16:01:34,,
250127161010854,249604496010854,250126686010854,2008,72,97,167,2FORB,1,2FORB,0,,2,,2015-03-20 16:01:34,,
250127169010854,249604496010854,250126686010854,2008,72,97,167,2SHRUB,1,2SHRUB,0,,2,,2015-03-20 16:01:34,,
250127150010854,249604496010854,250126686010854,2008,72,97,167,ANAC4,1,ANAC4,0,,,,2015-03-20 16:01:34,,
250127153010854,249604496010854,250126686010854,2008,72,97,167,BUSI,1,BUSI,0,,,,2015-03-20 16:01:34,,
250127163010854,249604496010854,250126686010854,2008,72,97,167,CHNI2,1,CHNI2,0,,6,,2015-03-20 16:01:34,,
250127162010854,249604496010854,250126686010854,2008,72,97,167,CODO,1,CODO,0,,,,2015-03-20 16:01:34,,
250127145010854,249604496010854,250126686010854,2008,72,97,167,COMI,1,COMI,0,,,,2015-03-20 16:01:34,,
250127154010854,249604496010854,250126686010854,2008,72,97,167,CRDI8,1,CRDI8,0,,,,2015-03-20 16:01:34,,
250127144010854,249604496010854,250126686010854,2008,72,97,167,CRLU2,1,CRLU2,0,,,,2015-03-20 16:01:34,,
250127168010854,249604496010854,250126686010854,2008,72,97,167,CRRH,1,CRRH,0,,,,2015-03-20 16:01:34,,
250127160010854,249604496010854,250126686010854,2008,72,97,167,EUPE8,1,EUPE8,0,,,,2015-03-20 16:01:34,,
250127166010854,249604496010854,250126686010854,2008,72,97,167,HAPO2,1,HAPO2,0,,,,2015-03-20 16:01:34,,
250127159010854,249604496010854,250126686010854,2008,72,97,167,IPOMO,1,IPOMO,0,,2,,2015-03-20 16:01:34,,
250127165010854,249604496010854,250126686010854,2008,72,97,167,METO3,1,METO3,0,,,,2015-03-20 16:01:34,,
250127158010854,249604496010854,250126686010854,2008,72,97,167,MYFR,1,MYFR,0,,,,2015-03-20 16:01:34,,
250127156010854,249604496010854,250126686010854,2008,72,97,167,OPMO2,1,COMO8,0,,,,2015-03-20 16:01:34,2019-07-18 15:19:51,
250127155010854,249604496010854,250126686010854,2008,72,97,167,OPRE2,1,OPRE2,0,,,,2015-03-20 16:01:34,,
250127149010854,249604496010854,250126686010854,2008,72,97,167,PHEP,1,PHEP,0,,,,2015-03-20 16:01:34,,
250127148010854,249604496010854,250126686010854,2008,72,97,167,PLOB2,1,PLOB2,0,,,,2015-03-20 16:01:34,,
250127164010854,249604496010854,250126686010854,2008,72,97,167,PSMO3,1,PSMO3,0,,,,2015-03-20 16:01:34,,
250127146010854,249604496010854,250126686010854,2008,72,97,167,REUN,1,REUN,0,,,,2015-03-20 16:01:34,,
250127151010854,249604496010854,250126686010854,2008,72,97,167,SEUT2,1,SEUT2,0,,,,2015-03-20 16:01:34,,
250127147010854,249604496010854,250126686010854,2008,72,97,167,TAHE,1,TAHE,0,,,,2015-03-20 16:01:34,,
250127152010854,249604496010854,250126686010854,2008,72,97,167,TIRE,1,TIRE,0,,,,2015-03-20 16:01:34,,
250127157010854,249604496010854,250126686010854,2008,72,97,167,TIUT,1,TIUT,0,,,,2015-03-20 16:01:34,,
250127167010854,249604496010854,250126686010854,2008,72,97,167,ZITA,1,ZITA,0,,,,2015-03-20 16:01:34,,
250126961010854,249604487010854,250126678010854,2008,72,97,179,2VH,1,2VH,0,,2,,2015-03-20 16:01:33,,
250126915010854,249604487010854,250126678010854,2008,72,97,179,ANAC4,1,ANAC4,0,,,,2015-03-20 16:01:33,,
250126960010854,249604487010854,250126678010854,2008,72,97,179,BOSU2,1,BOSU2,0,,,,2015-03-20 16:01:33,,
250126912010854,249604487010854,250126678010854,2008,72,97,179,BUSI,1,BUSI,0,,,,2015-03-20 16:01:33,,
250126905010854,249604487010854,250126678010854,2008,72,97,179,CEVI2,1,CEVI2,0,,10,,2015-03-20 16:01:33,,
250126901010854,249604487010854,250126678010854,2008,72,97,179,CHLI5,1,CHLI5,0,,,,2015-03-20 16:01:33,,
250126957010854,249604487010854,250126678010854,2008,72,97,179,CODI5,1,CODI5,0,,2,,2015-03-20 16:01:33,,
250126955010854,249604487010854,250126678010854,2008,72,97,179,CODO,1,CODO,0,,,,2015-03-20 16:01:33,,
250126959010854,249604487010854,250126678010854,2008,72,97,179,COHI3,1,COHI3,0,,,,2015-03-20 16:01:33,,
250126899010854,249604487010854,250126678010854,2008,72,97,179,COMI,1,COMI,0,,,,2015-03-20 16:01:33,,
250126898010854,249604487010854,250126678010854,2008,72,97,179,CRLU2,1,CRLU2,0,,,,2015-03-20 16:01:33,,
250126907010854,249604487010854,250126678010854,2008,72,97,179,DOHA2,1,DOHA2,0,,,,2015-03-20 16:01:33,,
250126952010854,249604487010854,250126678010854,2008,72,97,179,EUFO3,1,EUFO3,0,,,,2015-03-20 16:01:33,,
250126910010854,249604487010854,250126678010854,2008,72,97,179,EUPE8,1,EUPE8,0,,,,2015-03-20 16:01:33,,
250126949010854,249604487010854,250126678010854,2008,72,97,179,EXCA,1,EXCA,0,,,,2015-03-20 16:01:33,,
250126902010854,249604487010854,250126678010854,2008,72,97,179,FUTU,1,FUTU,0,,,,2015-03-20 16:01:33,,
250126913010854,249604487010854,250126678010854,2008,72,97,179,GADU2,1,GADU2,0,,,,2015-03-20 16:01:33,,
250126951010854,249604487010854,250126678010854,2008,72,97,179,GUPU,1,GUPU,0,,,,2015-03-20 16:01:33,,
250126953010854,249604487010854,250126678010854,2008,72,97,179,IPOMO,1,IPOMO,0,,2,,2015-03-20 16:01:33,,
250126948010854,249604487010854,250126678010854,2008,72,97,179,MYFR,1,MYFR,0,,,,2015-03-20 16:01:33,,
250126950010854,249604487010854,250126678010854,2008,72,97,179,OPRE2,1,OPRE2,0,,,,2015-03-20 16:01:33,,
250126956010854,249604487010854,250126678010854,2008,72,97,179,PEHU3,1,PEHU3,0,,,,2015-03-20 16:01:33,,
250126903010854,249604487010854,250126678010854,2008,72,97,179,PHEP,1,PHEP,0,,,,2015-03-20 16:01:33,,
250126914010854,249604487010854,250126678010854,2008,72,97,179,PLOB2,1,PLOB2,0,,,,2015-03-20 16:01:33,,
250126908010854,249604487010854,250126678010854,2008,72,97,179,PSMO3,1,PSMO3,0,,,,2015-03-20 16:01:33,,
250126911010854,249604487010854,250126678010854,2008,72,97,179,REUN,1,REUN,0,,,,2015-03-20 16:01:33,,
250126904010854,249604487010854,250126678010854,2008,72,97,179,SEUT2,1,SEUT2,0,,,,2015-03-20 16:01:33,,
250126909010854,249604487010854,250126678010854,2008,72,97,179,STEM3,1,STEM3,0,,,,2015-03-20 16:01:33,,
250126954010854,249604487010854,250126678010854,2008,72,97,179,TABEB,1,TABEB,0,,2,,2015-03-20 16:01:33,,
250126900010854,249604487010854,250126678010854,2008,72,97,179,TAHE,1,TAHE,0,,,,2015-03-20 16:01:33,,
250126906010854,249604487010854,250126678010854,2008,72,97,179,TIRE,1,TIRE,0,,,,2015-03-20 16:01:33,,
250126958010854,249604487010854,250126678010854,2008,72,97,179,TIUT,1,TIUT,0,,,,2015-03-20 16:01:33,,
250127310010854,249604502010854,250126691010854,2008,72,97,185,AMEL,1,AMEL,0,,,,2015-03-20 16:01:34,,
250127242010854,249604502010854,250126691010854,2008,72,97,185,ANAC4,1,ANAC4,0,,,,2015-03-20 16:01:34,,
250127237010854,249604502010854,250126691010854,2008,72,97,185,BUSI,1,BUSI,0,,,,2015-03-20 16:01:34,,
250127315010854,249604502010854,250126691010854,2008,72,97,185,BOSU2,1,BOSU2,0,,,,2015-03-20 16:01:34,,
250127245010854,249604502010854,250126691010854,2008,72,97,185,CHCO8,1,CHCO8,0,,,,2015-03-20 16:01:34,,
250127234010854,249604502010854,250126691010854,2008,72,97,185,CHNI2,1,CHNI2,0,,10,,2015-03-20 16:01:34,,
250127303010854,249604502010854,250126691010854,2008,72,97,185,CODO,1,CODO,0,,,,2015-03-20 16:01:34,,
250127232010854,249604502010854,250126691010854,2008,72,97,185,COMI,1,COMI,0,,,,2015-03-20 16:01:34,,
250127239010854,249604502010854,250126691010854,2008,72,97,185,CRDI8,1,CRDI8,0,,,,2015-03-20 16:01:34,,
250127235010854,249604502010854,250126691010854,2008,72,97,185,CRLU2,1,CRLU2,0,,,,2015-03-20 16:01:34,,
250127243010854,249604502010854,250126691010854,2008,72,97,185,CYNA2,1,CYNA2,0,,,,2015-03-20 16:01:34,,
250127316010854,249604502010854,250126691010854,2008,72,97,185,EUPE8,1,EUPE8,0,,,,2015-03-20 16:01:34,,
250127312010854,249604502010854,250126691010854,2008,72,97,185,EXCA,1,EXCA,0,,,,2015-03-20 16:01:34,,
250127233010854,249604502010854,250126691010854,2008,72,97,185,FICI,1,FICI,0,,,,2015-03-20 16:01:34,,
250127305010854,249604502010854,250126691010854,2008,72,97,185,GYLA,1,GYLA,0,,,,2015-03-20 16:01:34,,
250127309010854,249604502010854,250126691010854,2008,72,97,185,HAPO2,1,HAPO2,0,,,,2015-03-20 16:01:34,,
250127313010854,249604502010854,250126691010854,2008,72,97,185,HYTR,1,HYTR,0,,,,2015-03-20 16:01:34,,
250127236010854,249604502010854,250126691010854,2008,72,97,185,METO3,1,METO3,0,,,,2015-03-20 16:01:34,,
250127301010854,249604502010854,250126691010854,2008,72,97,185,METO4,1,METO4,0,,,,2015-03-20 16:01:34,,
250127240010854,249604502010854,250126691010854,2008,72,97,185,MYFR,1,MYFR,0,,,,2015-03-20 16:01:34,,
250127307010854,249604502010854,250126691010854,2008,72,97,185,OPMO2,1,COMO8,0,,,,2015-03-20 16:01:34,2019-07-18 15:19:51,
250127311010854,249604502010854,250126691010854,2008,72,97,185,OPRE2,1,OPRE2,0,,,,2015-03-20 16:01:34,,
250127302010854,249604502010854,250126691010854,2008,72,97,185,PALA12,1,PALA12,0,,,,2015-03-20 16:01:34,,
250127314010854,249604502010854,250126691010854,2008,72,97,185,PHEP,1,PHEP,0,,,,2015-03-20 16:01:34,,
250127231010854,249604502010854,250126691010854,2008,72,97,185,PLOB2,1,PLOB2,0,,,,2015-03-20 16:01:34,,
250127244010854,249604502010854,250126691010854,2008,72,97,185,SPCO7,1,SPCO7,0,,,,2015-03-20 16:01:34,,
250127241010854,249604502010854,250126691010854,2008,72,97,185,PSMO3,1,PSMO3,0,,,,2015-03-20 16:01:34,,
250127308010854,249604502010854,250126691010854,2008,72,97,185,RAAC,1,RAAC,0,,,,2015-03-20 16:01:34,,
250127238010854,249604502010854,250126691010854,2008,72,97,185,REUN,1,REUN,0,,,,2015-03-20 16:01:34,,
250127304010854,249604502010854,250126691010854,2008,72,97,185,STEM3,1,STEM3,0,,,,2015-03-20 16:01:34,,
250127230010854,249604502010854,250126691010854,2008,72,97,185,TAHE,1,TAHE,0,,,,2015-03-20 16:01:34,,
250127306010854,249604502010854,250126691010854,2008,72,97,185,TIUT,1,TIUT,0,,,,2015-03-20 16:01:34,,
250127178010854,249604497010854,250126687010854,2008,72,97,189,ANAC4,1,ANAC4,0,,,,2015-03-20 16:01:34,,
250127189010854,249604497010854,250126687010854,2008,72,97,189,BOSU2,1,BOSU2,0,,,,2015-03-20 16:01:34,,
250127170010854,249604497010854,250126687010854,2008,72,97,189,BUSI,1,BUSI,0,,,,2015-03-20 16:01:34,,
250127177010854,249604497010854,250126687010854,2008,72,97,189,CHNI2,1,CHNI2,0,,10,,2015-03-20 16:01:34,,
250127173010854,249604497010854,250126687010854,2008,72,97,189,COMI,1,COMI,0,,,,2015-03-20 16:01:34,,
250127174010854,249604497010854,250126687010854,2008,72,97,189,CRDI8,1,CRDI8,0,,,,2015-03-20 16:01:34,,
250127176010854,249604497010854,250126687010854,2008,72,97,189,CRLU2,1,CRLU2,0,,,,2015-03-20 16:01:34,,
250127185010854,249604497010854,250126687010854,2008,72,97,189,HAPO2,1,HAPO2,0,,,,2015-03-20 16:01:34,,
250127181010854,249604497010854,250126687010854,2008,72,97,189,HYTR,1,HYTR,0,,,,2015-03-20 16:01:34,,
250127190010854,249604497010854,250126687010854,2008,72,97,189,KRFE,1,KRFE,0,,,,2015-03-20 16:01:34,,
250127182010854,249604497010854,250126687010854,2008,72,97,189,MYFR,1,MYFR,0,,,,2015-03-20 16:01:34,,
250127179010854,249604497010854,250126687010854,2008,72,97,189,OPMO2,1,COMO8,0,,,,2015-03-20 16:01:34,2019-07-18 15:19:51,
250127187010854,249604497010854,250126687010854,2008,72,97,189,PABL,1,PABL,0,,,,2015-03-20 16:01:34,,
250127172010854,249604497010854,250126687010854,2008,72,97,189,PHEP,1,PHEP,0,,,,2015-03-20 16:01:34,,
250127184010854,249604497010854,250126687010854,2008,72,97,189,PLOB2,1,PLOB2,0,,,,2015-03-20 16:01:34,,
250127191010854,249604497010854,250126687010854,2008,72,97,189,PSMO3,1,PSMO3,0,,,,2015-03-20 16:01:34,,
250127175010854,249604497010854,250126687010854,2008,72,97,189,RAAC,1,RAAC,0,,,,2015-03-20 16:01:34,,
250127192010854,249604497010854,250126687010854,2008,72,97,189,REUN,1,REUN,0,,,,2015-03-20 16:01:34,,
250127188010854,249604497010854,250126687010854,2008,72,97,189,STEM3,1,STEM3,0,,,,2015-03-20 16:01:34,,
250127171010854,249604497010854,250126687010854,2008,72,97,189,TAHE,1,TAHE,0,,,,2015-03-20 16:01:34,,
250127186010854,249604497010854,250126687010854,2008,72,97,189,TIRE,1,TIRE,0,,,,2015-03-20 16:01:34,,
250127180010854,249604497010854,250126687010854,2008,72,97,189,TIUT,1,TIUT,0,,,,2015-03-20 16:01:34,,
250127183010854,249604497010854,250126687010854,2008,72,97,189,ZITA,1,ZITA,0,,,,2015-03-20 16:01:34,,
250127246010854,249604499010854,250126689010854,2008,72,97,195,2PLANT,1,2PLANT,0,,2,,2015-03-20 16:01:34,,
250127268010854,249604499010854,250126689010854,2008,72,97,195,2PLANT,2,2PLANT,0,,2,,2015-03-20 16:01:34,,
250127259010854,249604499010854,250126689010854,2008,72,97,195,ANAC4,1,ANAC4,0,,,,2015-03-20 16:01:34,,
250127256010854,249604499010854,250126689010854,2008,72,97,195,BOSU2,1,BOSU2,0,,,,2015-03-20 16:01:34,,
250127261010854,249604499010854,250126689010854,2008,72,97,195,CHAMA17,1,CHAMA17,0,,2,,2015-03-20 16:01:34,,
250127252010854,249604499010854,250126689010854,2008,72,97,195,CHLI5,1,CHLI5,0,,,,2015-03-20 16:01:34,,
250127264010854,249604499010854,250126689010854,2008,72,97,195,CODO,1,CODO,0,,,,2015-03-20 16:01:34,,
250127271010854,249604499010854,250126689010854,2008,72,97,195,COHI3,1,COHI3,0,,,,2015-03-20 16:01:34,,
250127224010854,249604499010854,250126689010854,2008,72,97,195,COMI,1,COMI,0,,,,2015-03-20 16:01:34,,
250127250010854,249604499010854,250126689010854,2008,72,97,195,CRBE4,1,CRBE4,0,,,,2015-03-20 16:01:34,,
250127257010854,249604499010854,250126689010854,2008,72,97,195,CRDI8,1,CRDI8,0,,,,2015-03-20 16:01:34,,
250127223010854,249604499010854,250126689010854,2008,72,97,195,CRLU2,1,CRLU2,0,,,,2015-03-20 16:01:34,,
250127263010854,249604499010854,250126689010854,2008,72,97,195,CRRH,1,CRRH,0,,,,2015-03-20 16:01:34,,
250127253010854,249604499010854,250126689010854,2008,72,97,195,CYFI4,1,CYFI4,0,,,,2015-03-20 16:01:34,,
250127228010854,249604499010854,250126689010854,2008,72,97,195,CYNA2,1,CYNA2,0,,,,2015-03-20 16:01:34,,
250127226010854,249604499010854,250126689010854,2008,72,97,195,EUFO3,1,EUFO3,0,,,,2015-03-20 16:01:34,,
250127249010854,249604499010854,250126689010854,2008,72,97,195,EUPE8,1,EUPE8,0,,,,2015-03-20 16:01:34,,
250127267010854,249604499010854,250126689010854,2008,72,97,195,EXCA,1,EXCA,0,,,,2015-03-20 16:01:34,,
250127262010854,249604499010854,250126689010854,2008,72,97,195,GUPU,1,GUPU,0,,,,2015-03-20 16:01:34,,
250127266010854,249604499010854,250126689010854,2008,72,97,195,HAPO2,1,HAPO2,0,,,,2015-03-20 16:01:34,,
250127273010854,249604499010854,250126689010854,2008,72,97,195,HYTR,1,HYTR,0,,,,2015-03-20 16:01:34,,
250127251010854,249604499010854,250126689010854,2008,72,97,195,METO3,1,METO3,0,,,,2015-03-20 16:01:34,,
250127225010854,249604499010854,250126689010854,2008,72,97,195,MYFR,1,MYFR,0,,,,2015-03-20 16:01:34,,
250127265010854,249604499010854,250126689010854,2008,72,97,195,OPRE2,1,OPRE2,0,,,,2015-03-20 16:01:34,,
250127269010854,249604499010854,250126689010854,2008,72,97,195,PASU3,1,PASU3,0,,,,2015-03-20 16:01:34,,
250127270010854,249604499010854,250126689010854,2008,72,97,195,PHEP,1,PHEP,0,,,,2015-03-20 16:01:34,,
250127258010854,249604499010854,250126689010854,2008,72,97,195,PLOB2,1,PLOB2,0,,,,2015-03-20 16:01:34,,
250127255010854,249604499010854,250126689010854,2008,72,97,195,PSMO3,1,PSMO3,0,,,,2015-03-20 16:01:34,,
250127248010854,249604499010854,250126689010854,2008,72,97,195,RAAC,1,RAAC,0,,,,2015-03-20 16:01:34,,
250127272010854,249604499010854,250126689010854,2008,72,97,195,REUN,1,REUN,0,,,,2015-03-20 16:01:34,,
250127229010854,249604499010854,250126689010854,2008,72,97,195,RHRE3,1,RHRE3,0,,,,2015-03-20 16:01:34,,
250127260010854,249604499010854,250126689010854,2008,72,97,195,SEUT2,1,SEUT2,0,,,,2015-03-20 16:01:34,,
250127254010854,249604499010854,250126689010854,2008,72,97,195,STEM3,1,STEM3,0,,,,2015-03-20 16:01:34,,
250127227010854,249604499010854,250126689010854,2008,72,97,195,TAHE,1,TAHE,0,,,,2015-03-20 16:01:34,,
250127247010854,249604499010854,250126689010854,2008,72,97,195,TIUT,1,TIUT,0,,,,2015-03-20 16:01:34,,
250126974010854,249604489010854,250126680010854,2008,72,97,198,2VH,1,2VH,0,,2,,2015-03-20 16:01:33,,
250126982010854,249604489010854,250126680010854,2008,72,97,198,AMEL,1,AMEL,0,,,,2015-03-20 16:01:33,,
250126968010854,249604489010854,250126680010854,2008,72,97,198,ANAC4,1,ANAC4,0,,,,2015-03-20 16:01:33,,
250126981010854,249604489010854,250126680010854,2008,72,97,198,BOSU2,1,BOSU2,0,,,,2015-03-20 16:01:33,,
250126980010854,249604489010854,250126680010854,2008,72,97,198,BUSI,1,BUSI,0,,,,2015-03-20 16:01:33,,
250126972010854,249604489010854,250126680010854,2008,72,97,198,CHNI2,1,CHNI2,0,,10,,2015-03-20 16:01:33,,
250126978010854,249604489010854,250126680010854,2008,72,97,198,CODO,1,CODO,0,,,,2015-03-20 16:01:33,,
250126944010854,249604489010854,250126680010854,2008,72,97,198,COMI,1,COMI,0,,,,2015-03-20 16:01:33,,
250126970010854,249604489010854,250126680010854,2008,72,97,198,CRBE4,1,CRBE4,0,,,,2015-03-20 16:01:33,,
250126971010854,249604489010854,250126680010854,2008,72,97,198,CRDI8,1,CRDI8,0,,,,2015-03-20 16:01:33,,
250126942010854,249604489010854,250126680010854,2008,72,97,198,CRLU2,1,CRLU2,0,,,,2015-03-20 16:01:33,,
250126975010854,249604489010854,250126680010854,2008,72,97,198,DOHA2,1,DOHA2,0,,,,2015-03-20 16:01:33,,
250126977010854,249604489010854,250126680010854,2008,72,97,198,EUFO3,1,EUFO3,0,,,,2015-03-20 16:01:33,,
250126966010854,249604489010854,250126680010854,2008,72,97,198,EUPE8,1,EUPE8,0,,,,2015-03-20 16:01:33,,
250126965010854,249604489010854,250126680010854,2008,72,97,198,EXCA,1,EXCA,0,,,,2015-03-20 16:01:33,,
250126985010854,249604489010854,250126680010854,2008,72,97,198,HAPO2,1,HAPO2,0,,,,2015-03-20 16:01:33,,
250126983010854,249604489010854,250126680010854,2008,72,97,198,HEJA,1,HEJA,0,,,,2015-03-20 16:01:33,,
250126941010854,249604489010854,250126680010854,2008,72,97,198,MYFR,1,MYFR,0,,,,2015-03-20 16:01:33,,
250126984010854,249604489010854,250126680010854,2008,72,97,198,OPMO2,1,COMO8,0,,,,2015-03-20 16:01:33,2019-07-18 15:19:51,
250126943010854,249604489010854,250126680010854,2008,72,97,198,PHEP,1,PHEP,0,,,,2015-03-20 16:01:33,,
250126986010854,249604489010854,250126680010854,2008,72,97,198,PIRO6,1,PIRO6,0,,,,2015-03-20 16:01:33,,
250126973010854,249604489010854,250126680010854,2008,72,97,198,PLOB2,1,PLOB2,0,,,,2015-03-20 16:01:33,,
250126969010854,249604489010854,250126680010854,2008,72,97,198,PSMO3,1,PSMO3,0,,,,2015-03-20 16:01:33,,
250126979010854,249604489010854,250126680010854,2008,72,97,198,RAPO2,1,RAPO2,0,,,,2015-03-20 16:01:33,,
250126945010854,249604489010854,250126680010854,2008,72,97,198,REUN,1,REUN,0,,,,2015-03-20 16:01:33,,
250126976010854,249604489010854,250126680010854,2008,72,97,198,SEUT2,1,SEUT2,0,,,,2015-03-20 16:01:33,,
250126946010854,249604489010854,250126680010854,2008,72,97,198,TAHE,1,TAHE,0,,,,2015-03-20 16:01:33,,
250126967010854,249604489010854,250126680010854,2008,72,97,198,TIRE,1,TIRE,0,,,,2015-03-20 16:01:33,,
250126964010854,249604489010854,250126680010854,2008,72,97,198,TIUT,1,TIUT,0,,,,2015-03-20 16:01:33,,
250126947010854,249604489010854,250126680010854,2008,72,97,198,ZITA,1,ZITA,0,,,,2015-03-20 16:01:33,,
250127588010854,249604514010854,250126702010854,2008,72,97,202,2FORB,1,2FORB,0,,10,,2015-03-20 16:01:35,,
250127604010854,249604514010854,250126702010854,2008,72,97,202,ACAS,1,ACAS,0,,,,2015-03-20 16:01:35,,
250127598010854,249604514010854,250126702010854,2008,72,97,202,AMEL,1,AMEL,0,,,,2015-03-20 16:01:35,,
250127602010854,249604514010854,250126702010854,2008,72,97,202,ANAC4,1,ANAC4,0,,,,2015-03-20 16:01:35,,
250127593010854,249604514010854,250126702010854,2008,72,97,202,AYIN2,1,AYIN2,0,,,,2015-03-20 16:01:35,,
250127601010854,249604514010854,250126702010854,2008,72,97,202,BABI5,1,BABI5,0,,,,2015-03-20 16:01:35,,
250127599010854,249604514010854,250126702010854,2008,72,97,202,BUSI,1,BUSI,0,,,,2015-03-20 16:01:35,,
250127585010854,249604514010854,250126702010854,2008,72,97,202,CARE8,1,CARE8,0,,,,2015-03-20 16:01:35,,
250127590010854,249604514010854,250126702010854,2008,72,97,202,CEVI2,1,CEVI2,0,,10,,2015-03-20 16:01:35,,
250127591010854,249604514010854,250126702010854,2008,72,97,202,COERE,1,COERE,0,,10,,2015-03-20 16:01:35,,
250127587010854,249604514010854,250126702010854,2008,72,97,202,COHI3,1,COHI3,0,,,,2015-03-20 16:01:35,,
250127589010854,249604514010854,250126702010854,2008,72,97,202,COMI,1,COMI,0,,,,2015-03-20 16:01:35,,
250127578010854,249604514010854,250126702010854,2008,72,97,202,CRBE4,1,CRBE4,0,,,,2015-03-20 16:01:35,,
250127577010854,249604514010854,250126702010854,2008,72,97,202,CRDI8,1,CRDI8,0,,,,2015-03-20 16:01:35,,
250127597010854,249604514010854,250126702010854,2008,72,97,202,EUPE8,1,EUPE8,0,,,,2015-03-20 16:01:35,,
250127596010854,249604514010854,250126702010854,2008,72,97,202,HAPO2,1,HAPO2,0,,,,2015-03-20 16:01:35,,
250127584010854,249604514010854,250126702010854,2008,72,97,202,HEJA,1,HEJA,0,,,,2015-03-20 16:01:35,,
250127603010854,249604514010854,250126702010854,2008,72,97,202,KRFE,1,KRFE,0,,,,2015-03-20 16:01:35,,
250127592010854,249604514010854,250126702010854,2008,72,97,202,MAAM,1,MAAM,0,,,,2015-03-20 16:01:35,,
250127583010854,249604514010854,250126702010854,2008,72,97,202,MEIN7,1,MEIN7,0,,,,2015-03-20 16:01:35,,
250127580010854,249604514010854,250126702010854,2008,72,97,202,MYFR,1,MYFR,0,,,,2015-03-20 16:01:35,,
250127595010854,249604514010854,250126702010854,2008,72,97,202,OPRE2,1,OPRE2,0,,,,2015-03-20 16:01:35,,
250127579010854,249604514010854,250126702010854,2008,72,97,202,PSMO3,1,PSMO3,0,,,,2015-03-20 16:01:35,,
250127581010854,249604514010854,250126702010854,2008,72,97,202,REUN,1,REUN,0,,,,2015-03-20 16:01:35,,
250127586010854,249604514010854,250126702010854,2008,72,97,202,SEUT2,1,SEUT2,0,,,,2015-03-20 16:01:35,,
250127594010854,249604514010854,250126702010854,2008,72,97,202,SIGL4,1,SIGL4,0,,,,2015-03-20 16:01:35,,
250127600010854,249604514010854,250126702010854,2008,72,97,202,STEM3,1,STEM3,0,,,,2015-03-20 16:01:35,,
250127582010854,249604514010854,250126702010854,2008,72,97,202,TIRE,1,TIRE,0,,,,2015-03-20 16:01:35,,
